ID,QA_answers,reco_answers,timeing,surveyData,tasks,workerId,assId
1,"['B', 'A', 'B', 'C', 'A', 'B', 'A', 'B', 'A', 'B', 'C', 'A', 'B', 'A', 'B', 'A', 'B', 'A', 'B', 'A', 'B', 'A', 'C', 'A', 'B', 'A', 'B', 'C', 'B', 'A', 'B', 'A', 'B', 'A', 'B', 'A', 'B', 'A', 'B', 'A', 'B', 'A', 'B', 'A', 'B', 'A', 'B', 'C', 'B', 'A', 'B', 'A', 'B', 'A', 'B', 'A', 'B', 'A', 'B', 'A', 'B', 'C', 'A', 'B', 'A', 'B', 'A', 'B', 'A', 'B', 'A', 'B', 'A', 'B', 'C', 'B', 'C', 'B', 'A', 'B', 'A', 'C', 'B', 'A', 'B', 'C', 'B', 'C', 'B', 'C', 'B', 'C', 'B', 'C', 'B', 'A', 'C', 'B', 'A', 'B']","['2', '1', '1', '1', '1', '1', '1', '1', '2', '1', '1', '1', '1', '1', '1', '1', '1', '1', '1', '1', '1', '1', '2', '1', '1', '1', '1', '1', '1', '1', '1', '1', '1', '1', '2', '1', '1', '1', '1', '1', '1']","{'openTime': '2021-08-20T22:22:54.461Z', 'loadTime': '2021-08-20T22:23:01.990Z', 'startTime': '2021-08-20T22:23:09.183Z', 'endTime': '2021-08-20T22:44:08.576Z', 'timeToCompleteFromOpenMsec': 1274115, 'timeToLoadMsec': 7529, 'timeToCompleteFromStartMsec': 1259393}","{'gender': 'female', 'ageGroup': 'ageGroup25', 'ethnicity': 'Asian', 'education': 'fourYearDegree', 'vizExperience': 'frequentInteraction', 'feedback': 'good stuty'}","{'0': {'rememberedCode': 'T63', 'isValidCode': False, 'coordinate': False}, '1': {'rememberedCode': 'M67', 'isValidCode': False, 'coordinate': False}, '2': {'rememberedCode': 'M67', 'isValidCode': False, 'coordinate': False}, '3': {'rememberedCode': 'M67', 'isValidCode': False, 'coordinate': False}, '4': {'rememberedCode': 'K73', 'isValidCode': True, 'coordinate': [353, 823]}, '5': {'rememberedCode': 'U92', 'isValidCode': False, 'coordinate': False}, '6': {'rememberedCode': 'U92', 'isValidCode': False, 'coordinate': False}, '7': {'rememberedCode': 'U92', 'isValidCode': False, 'coordinate': False}, '8': {'rememberedCode': 'W19', 'isValidCode': False, 'coordinate': False}, '9': {'rememberedCode': 'V96', 'isValidCode': False, 'coordinate': False}, '10': {'rememberedCode': 'V96', 'isValidCode': False, 'coordinate': False}, '11': {'rememberedCode': 'V96', 'isValidCode': False, 'coordinate': False}, '12': {'rememberedCode': 'A21', 'isValidCode': False, 'coordinate': False}, '13': {'rememberedCode': 'T13', 'isValidCode': False, 'coordinate': False}, '14': {'rememberedCode': 'T13', 'isValidCode': False, 'coordinate': False}, '15': {'rememberedCode': 'T13', 'isValidCode': False, 'coordinate': False}, '16': {'rememberedCode': 'A93', 'isValidCode': True, 'coordinate': [364, 1300]}, '17': {'rememberedCode': 'K93', 'isValidCode': True, 'coordinate': [1593, 216]}, '18': {'rememberedCode': 'K93', 'isValidCode': False, 'coordinate': False}, '19': {'rememberedCode': 'K93', 'isValidCode': True, 'coordinate': [1593, 216]}, '20': {'rememberedCode': 'R68', 'isValidCode': False, 'coordinate': False}, '21': {'rememberedCode': 'B78', 'isValidCode': False, 'coordinate': False}, '22': {'rememberedCode': 'B78', 'isValidCode': False, 'coordinate': False}, '23': {'rememberedCode': 'B78', 'isValidCode': False, 'coordinate': False}, '24': {'rememberedCode': 'K76', 'isValidCode': False, 'coordinate': False}, '25': {'rememberedCode': 'U28', 'isValidCode': False, 'coordinate': False}, '26': {'rememberedCode': 'U28', 'isValidCode': False, 'coordinate': False}, '27': {'rememberedCode': 'U28', 'isValidCode': False, 'coordinate': False}, '28': {'rememberedCode': 'Z62', 'isValidCode': False, 'coordinate': False}, '29': {'rememberedCode': 'E27', 'isValidCode': False, 'coordinate': False}, '30': {'rememberedCode': 'E27', 'isValidCode': False, 'coordinate': False}, '31': {'rememberedCode': 'E27', 'isValidCode': False, 'coordinate': False}, '32': {'rememberedCode': 'A36', 'isValidCode': False, 'coordinate': False}, '33': {'rememberedCode': 'P52', 'isValidCode': False, 'coordinate': False}, '34': {'rememberedCode': 'P52', 'isValidCode': False, 'coordinate': False}, '35': {'rememberedCode': 'P52', 'isValidCode': False, 'coordinate': False}, '36': {'rememberedCode': 'N49', 'isValidCode': False, 'coordinate': False}, '37': {'rememberedCode': 'A37', 'isValidCode': False, 'coordinate': False}, '38': {'rememberedCode': 'A37', 'isValidCode': False, 'coordinate': False}, '39': {'rememberedCode': 'A37', 'isValidCode': False, 'coordinate': False}}",549,662
2,"['A', 'C', 'D', 'D', 'C', 'B', 'A', 'A', 'A', 'A', 'C', 'C', 'C', 'D', 'D', 'C', 'C', 'D', 'D', 'B', 'A', 'C', 'C', 'D', 'D', 'B', 'A', 'B', 'B', 'D', 'C', 'B', 'D', 'B', 'D', 'B', 'B', 'C', 'B', 'A', 'C', 'A', 'B', 'C', 'C', 'A', 'C', 'A', 'D', 'A', 'A', 'A', 'C', 'C', 'D', 'A', 'B', 'B', 'A', 'B', 'B', 'A', 'D', 'D', 'D', 'C', 'A', 'D', 'D', 'D', 'C', 'B', 'B', 'B', 'B', 'A', 'B', 'B', 'D', 'A', 'B', 'B', 'B', 'B', 'C', 'A', 'D', 'C', 'C', 'D', 'B', 'A', 'C', 'C', 'D', 'C', 'C', 'B', 'D', 'C']","['2', '1', '1', '2', '2', '2', '1', '1', '2', '1', '2', '2', '1', '1', '1', '2', '1', '1', '1', '1', '1', '2', '2', '1', '1', '1', '1', '2', '1', '1', '2', '2', '2', '2', '1', '2', '2', '1', '1', '2', '2']","{'openTime': '2021-08-20T22:38:15.710Z', 'loadTime': '2021-08-20T22:38:32.225Z', 'startTime': '2021-08-20T22:38:43.520Z', 'endTime': '2021-08-20T22:58:19.879Z', 'timeToCompleteFromOpenMsec': 1204169, 'timeToLoadMsec': 16515, 'timeToCompleteFromStartMsec': 1176359}","{'gender': 'female', 'ageGroup': 'ageGroup35', 'ethnicity': 'White_Caucasian', 'education': 'twoYearDegree', 'vizExperience': 'someExposure', 'feedback': ''}","{'0': {'rememberedCode': 'A57', 'isValidCode': True, 'coordinate': [206, 425]}, '1': {'rememberedCode': 'Y31', 'isValidCode': True, 'coordinate': [448, 834]}, '2': {'rememberedCode': 'Y31', 'isValidCode': False, 'coordinate': False}, '3': {'rememberedCode': 'Y31', 'isValidCode': True, 'coordinate': [448, 834]}, '4': {'rememberedCode': 'T79', 'isValidCode': True, 'coordinate': [680, 310]}, '5': {'rememberedCode': 'N31', 'isValidCode': False, 'coordinate': False}, '6': {'rememberedCode': 'N31', 'isValidCode': False, 'coordinate': False}, '7': {'rememberedCode': 'N31', 'isValidCode': False, 'coordinate': False}, '8': {'rememberedCode': 'N66', 'isValidCode': False, 'coordinate': False}, '9': {'rememberedCode': 'X82', 'isValidCode': True, 'coordinate': [672, 111]}, '10': {'rememberedCode': 'X82', 'isValidCode': False, 'coordinate': False}, '11': {'rememberedCode': 'X82', 'isValidCode': True, 'coordinate': [672, 111]}, '12': {'rememberedCode': 'D86', 'isValidCode': False, 'coordinate': False}, '13': {'rememberedCode': 'J48', 'isValidCode': True, 'coordinate': [813, 1007]}, '14': {'rememberedCode': 'J48', 'isValidCode': False, 'coordinate': False}, '15': {'rememberedCode': 'J48', 'isValidCode': True, 'coordinate': [813, 1007]}, '16': {'rememberedCode': 'Q74', 'isValidCode': True, 'coordinate': [319, 1229]}, '17': {'rememberedCode': 'N39', 'isValidCode': False, 'coordinate': False}, '18': {'rememberedCode': 'N39', 'isValidCode': False, 'coordinate': False}, '19': {'rememberedCode': 'N39', 'isValidCode': False, 'coordinate': False}, '20': {'rememberedCode': 'F86', 'isValidCode': True, 'coordinate': [877, 369]}, '21': {'rememberedCode': 'C13', 'isValidCode': False, 'coordinate': False}, '22': {'rememberedCode': 'C13', 'isValidCode': False, 'coordinate': False}, '23': {'rememberedCode': 'C13', 'isValidCode': False, 'coordinate': False}, '24': {'rememberedCode': 'A31', 'isValidCode': False, 'coordinate': False}, '25': {'rememberedCode': 'Y72', 'isValidCode': True, 'coordinate': [785, 652]}, '26': {'rememberedCode': 'Y72', 'isValidCode': False, 'coordinate': False}, '27': {'rememberedCode': 'Y72', 'isValidCode': True, 'coordinate': [785, 652]}, '28': {'rememberedCode': 'A28', 'isValidCode': True, 'coordinate': [682, 643]}, '29': {'rememberedCode': 'X54', 'isValidCode': True, 'coordinate': [495, 854]}, '30': {'rememberedCode': 'X54', 'isValidCode': False, 'coordinate': False}, '31': {'rememberedCode': 'X54', 'isValidCode': True, 'coordinate': [495, 854]}, '32': {'rememberedCode': 'A29', 'isValidCode': False, 'coordinate': False}, '33': {'rememberedCode': 'Y64', 'isValidCode': True, 'coordinate': [991, 507]}, '34': {'rememberedCode': 'Y64', 'isValidCode': False, 'coordinate': False}, '35': {'rememberedCode': 'Y64', 'isValidCode': True, 'coordinate': [991, 507]}, '36': {'rememberedCode': 'P41', 'isValidCode': False, 'coordinate': False}, '37': {'rememberedCode': 'K26', 'isValidCode': True, 'coordinate': [379, 327]}, '38': {'rememberedCode': 'K26', 'isValidCode': False, 'coordinate': False}, '39': {'rememberedCode': 'K26', 'isValidCode': True, 'coordinate': [379, 327]}}",443,581
3,"['B', 'A', 'B', 'C', 'B', 'A', 'B', 'C', 'B', 'A', 'B', 'C', 'B', 'A', 'B', 'A', 'B', 'C', 'B', 'C', 'A', 'B', 'C', 'B', 'A', 'B', 'C', 'B', 'C', 'B', 'A', 'B', 'A', 'B', 'A', 'B', 'A', 'B', 'C', 'B', 'A', 'B', 'A', 'B', 'C', 'B', 'C', 'B', 'A', 'B', 'A', 'B', 'A', 'B', 'C', 'B', 'C', 'B', 'C', 'A', 'B', 'C', 'B', 'C', 'B', 'C', 'B', 'A', 'B', 'A', 'B', 'C', 'A', 'B', 'C', 'B', 'C', 'B', 'C', 'B', 'A', 'C', 'B', 'A', 'B', 'A', 'C', 'B', 'A', 'C', 'B', 'C', 'B', 'C', 'B', 'A', 'C', 'B', 'C', 'B']","['2', '1', '1', '1', '1', '1', '1', '1', '2', '1', '1', '1', '1', '1', '1', '1', '1', '1', '2', '1', '1', '1', '1', '1', '1', '1', '1', '1', '1', '1', '1', '1', '1', '2', '1', '1', '1', '1', '1', '1', '1']","{'openTime': '2021-08-20T22:45:15.599Z', 'loadTime': '2021-08-20T22:47:09.164Z', 'startTime': '2021-08-20T22:47:12.073Z', 'endTime': '2021-08-20T23:13:08.569Z', 'timeToCompleteFromOpenMsec': 1672970, 'timeToLoadMsec': 113565, 'timeToCompleteFromStartMsec': 1556496}","{'gender': 'male', 'ageGroup': 'ageGroup35', 'ethnicity': 'Asian', 'education': 'fourYearDegree', 'vizExperience': 'frequentInteraction', 'feedback': 'good stuty'}","{'0': {'rememberedCode': 'T63', 'isValidCode': False, 'coordinate': False}, '1': {'rememberedCode': 'M67', 'isValidCode': False, 'coordinate': False}, '2': {'rememberedCode': 'M67', 'isValidCode': False, 'coordinate': False}, '3': {'rememberedCode': 'M67', 'isValidCode': False, 'coordinate': False}, '4': {'rememberedCode': 'K73', 'isValidCode': True, 'coordinate': [353, 823]}, '5': {'rememberedCode': 'U92', 'isValidCode': False, 'coordinate': False}, '6': {'rememberedCode': 'U92', 'isValidCode': False, 'coordinate': False}, '7': {'rememberedCode': 'U92', 'isValidCode': False, 'coordinate': False}, '8': {'rememberedCode': 'W19', 'isValidCode': False, 'coordinate': False}, '9': {'rememberedCode': 'V96', 'isValidCode': False, 'coordinate': False}, '10': {'rememberedCode': 'V96', 'isValidCode': False, 'coordinate': False}, '11': {'rememberedCode': 'V96', 'isValidCode': False, 'coordinate': False}, '12': {'rememberedCode': 'A21', 'isValidCode': False, 'coordinate': False}, '13': {'rememberedCode': 'T13', 'isValidCode': False, 'coordinate': False}, '14': {'rememberedCode': 'T13', 'isValidCode': False, 'coordinate': False}, '15': {'rememberedCode': 'T13', 'isValidCode': False, 'coordinate': False}, '16': {'rememberedCode': 'A93', 'isValidCode': True, 'coordinate': [364, 1300]}, '17': {'rememberedCode': 'K93', 'isValidCode': True, 'coordinate': [1593, 216]}, '18': {'rememberedCode': 'K93', 'isValidCode': False, 'coordinate': False}, '19': {'rememberedCode': 'K93', 'isValidCode': True, 'coordinate': [1593, 216]}, '20': {'rememberedCode': 'R68', 'isValidCode': False, 'coordinate': False}, '21': {'rememberedCode': 'B78', 'isValidCode': False, 'coordinate': False}, '22': {'rememberedCode': 'B78', 'isValidCode': False, 'coordinate': False}, '23': {'rememberedCode': 'B78', 'isValidCode': False, 'coordinate': False}, '24': {'rememberedCode': 'U28', 'isValidCode': False, 'coordinate': False}, '25': {'rememberedCode': 'Z62', 'isValidCode': False, 'coordinate': False}, '26': {'rememberedCode': 'Z62', 'isValidCode': False, 'coordinate': False}, '27': {'rememberedCode': 'Z62', 'isValidCode': False, 'coordinate': False}, '28': {'rememberedCode': 'E27', 'isValidCode': False, 'coordinate': False}, '29': {'rememberedCode': 'A36', 'isValidCode': False, 'coordinate': False}, '30': {'rememberedCode': 'A36', 'isValidCode': True, 'coordinate': [679, 238]}, '31': {'rememberedCode': 'A36', 'isValidCode': False, 'coordinate': False}, '32': {'rememberedCode': 'P52', 'isValidCode': False, 'coordinate': False}, '33': {'rememberedCode': 'N49', 'isValidCode': False, 'coordinate': False}, '34': {'rememberedCode': 'N49', 'isValidCode': False, 'coordinate': False}, '35': {'rememberedCode': 'N49', 'isValidCode': False, 'coordinate': False}, '36': {'rememberedCode': 'A37', 'isValidCode': False, 'coordinate': False}, '37': {'rememberedCode': 'W65', 'isValidCode': False, 'coordinate': False}, '38': {'rememberedCode': 'W65', 'isValidCode': False, 'coordinate': False}, '39': {'rememberedCode': 'W65', 'isValidCode': False, 'coordinate': False}}",50,260
4,"['A', 'B', 'B', 'A', 'C', 'B', 'B', 'A', 'C', 'B', 'B', 'A', 'B', 'A', 'C', 'A', 'B', 'C', 'A', 'B', 'A', 'B', 'B', 'C', 'B', 'B', 'A', 'B', 'B', 'B', 'C', 'C', 'C', 'B', 'C', 'B', 'A', 'B', 'B', 'B', 'C', 'B', 'A', 'C', 'A', 'A', 'C', 'C', 'B', 'B', 'B', 'B', 'A', 'A', 'B', 'A', 'B', 'B', 'A', 'A', 'B', 'B', 'B', 'C', 'B', 'B', 'C', 'B', 'C', 'B', 'C', 'C', 'B', 'B', 'A', 'A', 'B', 'B', 'C', 'B', 'B', 'B', 'A', 'C', 'C', 'A', 'B', 'B', 'A', 'B', 'B', 'C', 'C', 'C', 'B', 'C', 'C', 'B', 'A', 'B']","['2', '2', '1', '2', '2', '2', '2', '2', '2', '1', '2', '2', '1', '1', '1', '2', '1', '1', '1', '1', '1', '1', '2', '1', '2', '1', '1', '1', '1', '1', '2', '2', '2', '2', '2', '2', '2', '1', '1', '1', '1']","{'openTime': '2021-08-20T23:24:16.638Z', 'loadTime': '2021-08-20T23:24:33.095Z', 'startTime': '2021-08-20T23:24:38.805Z', 'endTime': '2021-08-20T23:40:42.724Z', 'timeToCompleteFromOpenMsec': 986086, 'timeToLoadMsec': 16457, 'timeToCompleteFromStartMsec': 963919}","{'gender': 'male', 'ageGroup': 'ageGroup25', 'ethnicity': 'Asian', 'education': 'fourYearDegree', 'vizExperience': 'frequentInteraction', 'feedback': 'Good Study'}","{'0': {'rememberedCode': 'Z37', 'isValidCode': True, 'coordinate': [234, 193]}, '1': {'rememberedCode': 'M52', 'isValidCode': True, 'coordinate': [508, 449]}, '2': {'rememberedCode': 'M52', 'isValidCode': False, 'coordinate': False}, '3': {'rememberedCode': 'M52', 'isValidCode': True, 'coordinate': [508, 449]}, '4': {'rememberedCode': 'N12', 'isValidCode': True, 'coordinate': [678, 723]}, '5': {'rememberedCode': 'W73', 'isValidCode': True, 'coordinate': [857, 928]}, '6': {'rememberedCode': 'W73', 'isValidCode': False, 'coordinate': False}, '7': {'rememberedCode': 'W73', 'isValidCode': True, 'coordinate': [857, 928]}, '8': {'rememberedCode': 'J84', 'isValidCode': True, 'coordinate': [1289, 345]}, '9': {'rememberedCode': 'P91', 'isValidCode': True, 'coordinate': [1126, 639]}, '10': {'rememberedCode': 'P91', 'isValidCode': False, 'coordinate': False}, '11': {'rememberedCode': 'P91', 'isValidCode': True, 'coordinate': [1126, 639]}, '12': {'rememberedCode': 'A26', 'isValidCode': True, 'coordinate': [1442, 737]}, '13': {'rememberedCode': 'B29', 'isValidCode': True, 'coordinate': [311, 500]}, '14': {'rememberedCode': 'B29', 'isValidCode': False, 'coordinate': False}, '15': {'rememberedCode': 'B29', 'isValidCode': True, 'coordinate': [311, 500]}, '16': {'rememberedCode': 'Z53', 'isValidCode': True, 'coordinate': [940, 1191]}, '17': {'rememberedCode': 'C53', 'isValidCode': True, 'coordinate': [640, 228]}, '18': {'rememberedCode': 'C53', 'isValidCode': False, 'coordinate': False}, '19': {'rememberedCode': 'C53', 'isValidCode': True, 'coordinate': [640, 228]}, '20': {'rememberedCode': 'Y41', 'isValidCode': True, 'coordinate': [358, 932]}, '21': {'rememberedCode': 'L92', 'isValidCode': True, 'coordinate': [827, 1139]}, '22': {'rememberedCode': 'L92', 'isValidCode': False, 'coordinate': False}, '23': {'rememberedCode': 'L92', 'isValidCode': True, 'coordinate': [827, 1139]}, '24': {'rememberedCode': 'D81', 'isValidCode': True, 'coordinate': [654, 106]}, '25': {'rememberedCode': 'K39', 'isValidCode': True, 'coordinate': [500, 346]}, '26': {'rememberedCode': 'K39', 'isValidCode': False, 'coordinate': False}, '27': {'rememberedCode': 'K39', 'isValidCode': True, 'coordinate': [500, 346]}, '28': {'rememberedCode': 'P38', 'isValidCode': True, 'coordinate': [353, 431]}, '29': {'rememberedCode': 'D19', 'isValidCode': True, 'coordinate': [618, 220]}, '30': {'rememberedCode': 'D19', 'isValidCode': False, 'coordinate': False}, '31': {'rememberedCode': 'D19', 'isValidCode': True, 'coordinate': [618, 220]}, '32': {'rememberedCode': 'X47', 'isValidCode': True, 'coordinate': [1407, 1145]}, '33': {'rememberedCode': 'Y58', 'isValidCode': True, 'coordinate': [853, 199]}, '34': {'rememberedCode': 'Y58', 'isValidCode': False, 'coordinate': False}, '35': {'rememberedCode': 'Y58', 'isValidCode': True, 'coordinate': [853, 199]}, '36': {'rememberedCode': 'P28', 'isValidCode': True, 'coordinate': [1090, 122]}, '37': {'rememberedCode': 'A74', 'isValidCode': True, 'coordinate': [390, 909]}, '38': {'rememberedCode': 'A74', 'isValidCode': False, 'coordinate': False}, '39': {'rememberedCode': 'A74', 'isValidCode': True, 'coordinate': [390, 909]}}",584,668
5,"['A', 'D', 'A', 'D', 'D', 'B', 'B', 'B', 'A', 'D', 'C', 'C', 'D', 'B', 'D', 'A', 'D', 'D', 'A', 'B', 'A', 'A', 'C', 'D', 'D', 'B', 'D', 'B', 'D', 'A', 'C', 'D', 'C', 'D', 'D', 'B', 'C', 'D', 'D', 'A', 'C', 'D', 'A', 'C', 'D', 'A', 'D', 'C', 'D', 'A', 'A', 'D', 'C', 'D', 'D', 'A', 'B', 'B', 'B', 'D', 'A', 'D', 'D', 'D', 'D', 'B', 'A', 'A', 'D', 'D', 'C', 'A', 'B', 'D', 'B', 'A', 'B', 'B', 'D', 'D', 'B', 'D', 'D', 'A', 'D', 'A', 'B', 'C', 'D', 'B', 'B', 'A', 'C', 'C', 'C', 'C', 'D', 'B', 'B', 'D']","['2', '2', '1', '2', '2', '2', '2', '2', '2', '1', '2', '2', '1', '1', '1', '2', '1', '1', '1', '1', '1', '1', '2', '1', '2', '1', '1', '1', '1', '1', '2', '2', '2', '1', '2', '2', '2', '1', '1', '1', '1']","{'openTime': '2021-08-20T23:44:37.765Z', 'loadTime': '2021-08-20T23:46:09.472Z', 'startTime': '2021-08-20T23:46:18.476Z', 'endTime': '2021-08-21T00:06:38.068Z', 'timeToCompleteFromOpenMsec': 1320303, 'timeToLoadMsec': 91707, 'timeToCompleteFromStartMsec': 1219592}","{'gender': 'male', 'ageGroup': 'ageGroup35', 'ethnicity': 'White_Caucasian', 'education': 'fourYearDegree', 'vizExperience': 'someExposure', 'feedback': ''}","{'0': {'rememberedCode': 'B27', 'isValidCode': True, 'coordinate': [1016, 604]}, '1': {'rememberedCode': 'T72', 'isValidCode': False, 'coordinate': False}, '2': {'rememberedCode': 'T72', 'isValidCode': False, 'coordinate': False}, '3': {'rememberedCode': 'T72', 'isValidCode': False, 'coordinate': False}, '4': {'rememberedCode': 'M92', 'isValidCode': True, 'coordinate': [979, 494]}, '5': {'rememberedCode': 'A64', 'isValidCode': True, 'coordinate': [856, 635]}, '6': {'rememberedCode': 'A64', 'isValidCode': False, 'coordinate': False}, '7': {'rememberedCode': 'A64', 'isValidCode': True, 'coordinate': [856, 635]}, '8': {'rememberedCode': 'M75', 'isValidCode': True, 'coordinate': [834, 447]}, '9': {'rememberedCode': 'Y92', 'isValidCode': False, 'coordinate': False}, '10': {'rememberedCode': 'Y92', 'isValidCode': False, 'coordinate': False}, '11': {'rememberedCode': 'Y92', 'isValidCode': False, 'coordinate': False}, '12': {'rememberedCode': 'R78', 'isValidCode': False, 'coordinate': False}, '13': {'rememberedCode': 'Q75', 'isValidCode': True, 'coordinate': [780, 619]}, '14': {'rememberedCode': 'Q75', 'isValidCode': False, 'coordinate': False}, '15': {'rememberedCode': 'Q75', 'isValidCode': True, 'coordinate': [780, 619]}, '16': {'rememberedCode': 'U74', 'isValidCode': True, 'coordinate': [1405, 498]}, '17': {'rememberedCode': 'N13', 'isValidCode': True, 'coordinate': [838, 248]}, '18': {'rememberedCode': 'N13', 'isValidCode': False, 'coordinate': False}, '19': {'rememberedCode': 'N13', 'isValidCode': True, 'coordinate': [838, 248]}, '20': {'rememberedCode': 'X15', 'isValidCode': False, 'coordinate': False}, '21': {'rememberedCode': 'Y83', 'isValidCode': False, 'coordinate': False}, '22': {'rememberedCode': 'Y83', 'isValidCode': False, 'coordinate': False}, '23': {'rememberedCode': 'Y83', 'isValidCode': False, 'coordinate': False}, '24': {'rememberedCode': 'Z76', 'isValidCode': True, 'coordinate': [671, 608]}, '25': {'rememberedCode': 'P72', 'isValidCode': True, 'coordinate': [657, 351]}, '26': {'rememberedCode': 'P72', 'isValidCode': False, 'coordinate': False}, '27': {'rememberedCode': 'P72', 'isValidCode': True, 'coordinate': [657, 351]}, '28': {'rememberedCode': 'N59', 'isValidCode': True, 'coordinate': [1269, 471]}, '29': {'rememberedCode': 'S13', 'isValidCode': True, 'coordinate': [939, 437]}, '30': {'rememberedCode': 'S13', 'isValidCode': False, 'coordinate': False}, '31': {'rememberedCode': 'S13', 'isValidCode': True, 'coordinate': [939, 437]}, '32': {'rememberedCode': 'B31', 'isValidCode': True, 'coordinate': [813, 431]}, '33': {'rememberedCode': 'Y58', 'isValidCode': True, 'coordinate': [853, 199]}, '34': {'rememberedCode': 'Y58', 'isValidCode': False, 'coordinate': False}, '35': {'rememberedCode': 'Y58', 'isValidCode': True, 'coordinate': [853, 199]}, '36': {'rememberedCode': 'L14', 'isValidCode': True, 'coordinate': [944, 518]}, '37': {'rememberedCode': 'H51', 'isValidCode': True, 'coordinate': [842, 413]}, '38': {'rememberedCode': 'H51', 'isValidCode': False, 'coordinate': False}, '39': {'rememberedCode': 'H51', 'isValidCode': True, 'coordinate': [842, 413]}}",280,734
6,"['A', 'C', 'C', 'B', 'D', 'B', 'B', 'A', 'A', 'A', 'A', 'D', 'D', 'D', 'C', 'A', 'B', 'B', 'A', 'D', 'A', 'A', 'B', 'D', 'D', 'B', 'D', 'B', 'B', 'A', 'C', 'B', 'C', 'D', 'D', 'B', 'C', 'A', 'B', 'D', 'C', 'B', 'D', 'D', 'A', 'A', 'D', 'C', 'D', 'A', 'A', 'D', 'C', 'C', 'D', 'A', 'B', 'B', 'B', 'D', 'A', 'B', 'B', 'D', 'D', 'B', 'B', 'D', 'D', 'D', 'C', 'B', 'B', 'D', 'B', 'C', 'B', 'A', 'D', 'D', 'A', 'A', 'D', 'A', 'B', 'A', 'D', 'D', 'D', 'D', 'B', 'B', 'C', 'C', 'D', 'D', 'C', 'B', 'A', 'C']","['2', '2', '1', '2', '2', '2', '2', '2', '2', '2', '2', '2', '1', '1', '2', '2', '1', '1', '1', '1', '1', '1', '2', '1', '2', '1', '1', '1', '1', '1', '2', '2', '2', '2', '2', '2', '1', '1', '1', '1', '1']","{'openTime': '2021-08-21T03:18:57.010Z', 'loadTime': '2021-08-21T03:19:18.328Z', 'startTime': '2021-08-21T03:19:59.241Z', 'endTime': '2021-08-21T03:41:05.314Z', 'timeToCompleteFromOpenMsec': 1328304, 'timeToLoadMsec': 21318, 'timeToCompleteFromStartMsec': 1266073}","{'gender': 'male', 'ageGroup': 'ageGroup35', 'ethnicity': 'White_Caucasian', 'education': 'fourYearDegree', 'vizExperience': 'someExposure', 'feedback': ''}","{'0': {'rememberedCode': 'G42', 'isValidCode': True, 'coordinate': [551, 501]}, '1': {'rememberedCode': 'X53', 'isValidCode': True, 'coordinate': [155, 565]}, '2': {'rememberedCode': 'X53', 'isValidCode': False, 'coordinate': False}, '3': {'rememberedCode': 'X53', 'isValidCode': True, 'coordinate': [155, 565]}, '4': {'rememberedCode': 'Z16', 'isValidCode': True, 'coordinate': [641, 594]}, '5': {'rememberedCode': 'V96', 'isValidCode': False, 'coordinate': False}, '6': {'rememberedCode': 'V96', 'isValidCode': True, 'coordinate': [520, 535]}, '7': {'rememberedCode': 'V96', 'isValidCode': False, 'coordinate': False}, '8': {'rememberedCode': 'A23', 'isValidCode': True, 'coordinate': [783, 631]}, '9': {'rememberedCode': 'C28', 'isValidCode': True, 'coordinate': [653, 713]}, '10': {'rememberedCode': 'C28', 'isValidCode': False, 'coordinate': False}, '11': {'rememberedCode': 'C28', 'isValidCode': True, 'coordinate': [653, 713]}, '12': {'rememberedCode': 'S43', 'isValidCode': True, 'coordinate': [59, 620]}, '13': {'rememberedCode': 'L76', 'isValidCode': False, 'coordinate': False}, '14': {'rememberedCode': 'L76', 'isValidCode': False, 'coordinate': False}, '15': {'rememberedCode': 'L76', 'isValidCode': False, 'coordinate': False}, '16': {'rememberedCode': 'G49', 'isValidCode': True, 'coordinate': [801, 391]}, '17': {'rememberedCode': 'J63', 'isValidCode': True, 'coordinate': [828, 414]}, '18': {'rememberedCode': 'J63', 'isValidCode': False, 'coordinate': False}, '19': {'rememberedCode': 'J63', 'isValidCode': True, 'coordinate': [828, 414]}, '20': {'rememberedCode': 'Y63', 'isValidCode': True, 'coordinate': [825, 636]}, '21': {'rememberedCode': 'P25', 'isValidCode': True, 'coordinate': [843, 648]}, '22': {'rememberedCode': 'P25', 'isValidCode': False, 'coordinate': False}, '23': {'rememberedCode': 'P25', 'isValidCode': True, 'coordinate': [843, 648]}, '24': {'rememberedCode': 'X63', 'isValidCode': True, 'coordinate': [337, 1018]}, '25': {'rememberedCode': 'A67', 'isValidCode': True, 'coordinate': [315, 364]}, '26': {'rememberedCode': 'A67', 'isValidCode': False, 'coordinate': False}, '27': {'rememberedCode': 'A67', 'isValidCode': True, 'coordinate': [315, 364]}, '28': {'rememberedCode': 'G93', 'isValidCode': True, 'coordinate': [956, 852]}, '29': {'rememberedCode': 'Q25', 'isValidCode': True, 'coordinate': [930, 646]}, '30': {'rememberedCode': 'Q25', 'isValidCode': False, 'coordinate': False}, '31': {'rememberedCode': 'Q25', 'isValidCode': True, 'coordinate': [930, 646]}, '32': {'rememberedCode': 'F75', 'isValidCode': False, 'coordinate': False}, '33': {'rememberedCode': 'G27', 'isValidCode': True, 'coordinate': [711, 527]}, '34': {'rememberedCode': 'G27', 'isValidCode': False, 'coordinate': False}, '35': {'rememberedCode': 'G27', 'isValidCode': True, 'coordinate': [711, 527]}, '36': {'rememberedCode': 'S74', 'isValidCode': True, 'coordinate': [778, 720]}, '37': {'rememberedCode': 'H56', 'isValidCode': False, 'coordinate': False}, '38': {'rememberedCode': 'H56', 'isValidCode': False, 'coordinate': False}, '39': {'rememberedCode': 'H56', 'isValidCode': False, 'coordinate': False}}",625,547
7,"['A', 'A', 'B', 'A', 'B', 'A', 'B', 'A', 'B', 'A', 'B', 'A', 'B', 'A', 'B', 'A', 'B', 'A', 'B', 'A', 'B', 'A', 'B', 'A', 'B', 'A', 'B', 'A', 'B', 'A', 'B', 'A', 'B', 'A', 'B', 'A', 'B', 'A', 'B', 'A', 'B', 'A', 'B', 'A', 'B', 'A', 'B', 'A', 'B', 'A', 'B', 'A', 'B', 'A', 'B', 'A', 'B', 'A', 'B', 'A', 'B', 'A', 'B', 'A', 'B', 'A', 'B', 'A', 'B', 'A', 'B', 'A', 'B', 'A', 'B', 'A', 'B', 'A', 'B', 'A', 'B', 'A', 'B', 'A', 'B', 'A', 'B', 'A', 'B', 'A', 'B', 'A', 'B', 'A', 'B', 'A', 'B', 'A', 'B', 'A']","['2', '1', '1', '1', '1', '2', '1', '1', '2', '1', '1', '2', '1', '1', '1', '2', '1', '2', '1', '1', '1', '1', '1', '1', '1', '1', '1', '1', '1', '1', '1', '2', '2', '2', '1', '2', '1', '2', '1', '2', '1']","{'openTime': '2021-08-21T07:12:44.053Z', 'loadTime': '2021-08-21T07:13:07.837Z', 'startTime': '2021-08-21T07:13:09.356Z', 'endTime': '2021-08-21T07:26:42.673Z', 'timeToCompleteFromOpenMsec': 838620, 'timeToLoadMsec': 23784, 'timeToCompleteFromStartMsec': 813317}","{'gender': 'female', 'ageGroup': 'ageGroup25', 'ethnicity': 'White_Caucasian', 'education': 'fourYearDegree', 'vizExperience': 'frequentInteraction', 'feedback': 'This was an interesting survey.'}","{'0': {'rememberedCode': 'L92', 'isValidCode': True, 'coordinate': [354, 288]}, '1': {'rememberedCode': 'S64', 'isValidCode': True, 'coordinate': [508, 755]}, '2': {'rememberedCode': 'S64', 'isValidCode': False, 'coordinate': False}, '3': {'rememberedCode': 'S64', 'isValidCode': True, 'coordinate': [508, 755]}, '4': {'rememberedCode': 'T79', 'isValidCode': True, 'coordinate': [680, 310]}, '5': {'rememberedCode': 'H41', 'isValidCode': True, 'coordinate': [356, 552]}, '6': {'rememberedCode': 'H41', 'isValidCode': False, 'coordinate': False}, '7': {'rememberedCode': 'H41', 'isValidCode': True, 'coordinate': [356, 552]}, '8': {'rememberedCode': 'Z37', 'isValidCode': True, 'coordinate': [790, 748]}, '9': {'rememberedCode': 'T87', 'isValidCode': True, 'coordinate': [773, 618]}, '10': {'rememberedCode': 'T87', 'isValidCode': False, 'coordinate': False}, '11': {'rememberedCode': 'T87', 'isValidCode': True, 'coordinate': [773, 618]}, '12': {'rememberedCode': 'M63', 'isValidCode': False, 'coordinate': False}, '13': {'rememberedCode': 'P57', 'isValidCode': True, 'coordinate': [937, 708]}, '14': {'rememberedCode': 'P57', 'isValidCode': False, 'coordinate': False}, '15': {'rememberedCode': 'P57', 'isValidCode': True, 'coordinate': [937, 708]}, '16': {'rememberedCode': 'S36', 'isValidCode': False, 'coordinate': False}, '17': {'rememberedCode': 'N13', 'isValidCode': True, 'coordinate': [838, 248]}, '18': {'rememberedCode': 'N13', 'isValidCode': False, 'coordinate': False}, '19': {'rememberedCode': 'N13', 'isValidCode': True, 'coordinate': [838, 248]}, '20': {'rememberedCode': 'F86', 'isValidCode': True, 'coordinate': [877, 369]}, '21': {'rememberedCode': 'P25', 'isValidCode': True, 'coordinate': [843, 648]}, '22': {'rememberedCode': 'P25', 'isValidCode': False, 'coordinate': False}, '23': {'rememberedCode': 'P25', 'isValidCode': True, 'coordinate': [843, 648]}, '24': {'rememberedCode': 'B84', 'isValidCode': False, 'coordinate': False}, '25': {'rememberedCode': 'Y72', 'isValidCode': True, 'coordinate': [785, 652]}, '26': {'rememberedCode': 'Y72', 'isValidCode': False, 'coordinate': False}, '27': {'rememberedCode': 'Y72', 'isValidCode': True, 'coordinate': [785, 652]}, '28': {'rememberedCode': 'A28', 'isValidCode': True, 'coordinate': [682, 643]}, '29': {'rememberedCode': 'Y51', 'isValidCode': True, 'coordinate': [811, 643]}, '30': {'rememberedCode': 'Y51', 'isValidCode': False, 'coordinate': False}, '31': {'rememberedCode': 'Y51', 'isValidCode': True, 'coordinate': [811, 643]}, '32': {'rememberedCode': 'X73', 'isValidCode': True, 'coordinate': [649, 314]}, '33': {'rememberedCode': 'B21', 'isValidCode': True, 'coordinate': [690, 1009]}, '34': {'rememberedCode': 'B21', 'isValidCode': False, 'coordinate': False}, '35': {'rememberedCode': 'B21', 'isValidCode': True, 'coordinate': [690, 1009]}, '36': {'rememberedCode': 'S74', 'isValidCode': True, 'coordinate': [778, 720]}, '37': {'rememberedCode': 'E82', 'isValidCode': True, 'coordinate': [727, 744]}, '38': {'rememberedCode': 'E82', 'isValidCode': False, 'coordinate': False}, '39': {'rememberedCode': 'E82', 'isValidCode': True, 'coordinate': [727, 744]}}",469,861
8,"['A', 'A', 'A', 'B', 'D', 'B', 'D', 'B', 'A', 'A', 'C', 'D', 'B', 'D', 'C', 'A', 'B', 'D', 'D', 'C', 'A', 'B', 'C', 'D', 'C', 'B', 'C', 'A', 'A', 'C', 'C', 'C', 'C', 'B', 'A', 'B', 'A', 'D', 'D', 'A', 'C', 'C', 'A', 'C', 'D', 'A', 'D', 'C', 'C', 'C', 'A', 'B', 'C', 'C', 'A', 'B', 'D', 'D', 'D', 'B', 'A', 'C', 'B', 'A', 'A', 'B', 'A', 'A', 'C', 'D', 'C', 'B', 'B', 'D', 'B', 'A', 'A', 'A', 'C', 'B', 'B', 'A', 'B', 'C', 'D', 'A', 'A', 'A', 'C', 'B', 'B', 'C', 'C', 'C', 'B', 'C', 'B', 'D', 'D', 'B']","['2', '2', '1', '2', '2', '2', '2', '2', '2', '1', '2', '2', '1', '1', '1', '2', '1', '1', '1', '1', '1', '1', '1', '1', '2', '1', '1', '1', '1', '1', '2', '2', '2', '2', '2', '2', '2', '1', '2', '2', '1']","{'openTime': '2021-08-21T07:52:50.104Z', 'loadTime': '2021-08-21T07:53:22.258Z', 'startTime': '2021-08-21T07:59:29.286Z', 'endTime': '2021-08-21T08:18:26.251Z', 'timeToCompleteFromOpenMsec': 1536147, 'timeToLoadMsec': 32154, 'timeToCompleteFromStartMsec': 1136965}","{'gender': 'male', 'ageGroup': 'ageGroup25', 'ethnicity': 'Asian', 'education': 'professionalDegree', 'vizExperience': 'someExposure', 'feedback': ''}","{'0': {'rememberedCode': 'R84', 'isValidCode': True, 'coordinate': [245, 910]}, '1': {'rememberedCode': 'D43', 'isValidCode': False, 'coordinate': False}, '2': {'rememberedCode': 'D43', 'isValidCode': False, 'coordinate': False}, '3': {'rememberedCode': 'D43', 'isValidCode': False, 'coordinate': False}, '4': {'rememberedCode': 'K56', 'isValidCode': True, 'coordinate': [330, 321]}, '5': {'rememberedCode': 'B89', 'isValidCode': True, 'coordinate': [1176, 633]}, '6': {'rememberedCode': 'B89', 'isValidCode': False, 'coordinate': False}, '7': {'rememberedCode': 'B89', 'isValidCode': True, 'coordinate': [1176, 633]}, '8': {'rememberedCode': 'P54', 'isValidCode': True, 'coordinate': [1112, 119]}, '9': {'rememberedCode': 'W29', 'isValidCode': False, 'coordinate': False}, '10': {'rememberedCode': 'W29', 'isValidCode': False, 'coordinate': False}, '11': {'rememberedCode': 'W29', 'isValidCode': False, 'coordinate': False}, '12': {'rememberedCode': 'C16', 'isValidCode': True, 'coordinate': [1128, 924]}, '13': {'rememberedCode': 'M36', 'isValidCode': True, 'coordinate': [619, 821]}, '14': {'rememberedCode': 'M36', 'isValidCode': False, 'coordinate': False}, '15': {'rememberedCode': 'M36', 'isValidCode': True, 'coordinate': [619, 821]}, '16': {'rememberedCode': 'U71', 'isValidCode': False, 'coordinate': False}, '17': {'rememberedCode': 'Q76', 'isValidCode': False, 'coordinate': False}, '18': {'rememberedCode': 'Q76', 'isValidCode': False, 'coordinate': False}, '19': {'rememberedCode': 'Q76', 'isValidCode': False, 'coordinate': False}, '20': {'rememberedCode': 'R35', 'isValidCode': True, 'coordinate': [1179, 239]}, '21': {'rememberedCode': 'K95', 'isValidCode': True, 'coordinate': [207, 339]}, '22': {'rememberedCode': 'K95', 'isValidCode': False, 'coordinate': False}, '23': {'rememberedCode': 'K95', 'isValidCode': True, 'coordinate': [207, 339]}, '24': {'rememberedCode': 'D37', 'isValidCode': False, 'coordinate': False}, '25': {'rememberedCode': 'Y72', 'isValidCode': True, 'coordinate': [785, 652]}, '26': {'rememberedCode': 'Y72', 'isValidCode': False, 'coordinate': False}, '27': {'rememberedCode': 'Y72', 'isValidCode': True, 'coordinate': [785, 652]}, '28': {'rememberedCode': 'J12', 'isValidCode': True, 'coordinate': [943, 958]}, '29': {'rememberedCode': 'N38', 'isValidCode': False, 'coordinate': False}, '30': {'rememberedCode': 'N38', 'isValidCode': False, 'coordinate': False}, '31': {'rememberedCode': 'N38', 'isValidCode': False, 'coordinate': False}, '32': {'rememberedCode': 'G98', 'isValidCode': True, 'coordinate': [653, 253]}, '33': {'rememberedCode': 'J54', 'isValidCode': True, 'coordinate': [1636, 801]}, '34': {'rememberedCode': 'J54', 'isValidCode': False, 'coordinate': False}, '35': {'rememberedCode': 'J54', 'isValidCode': True, 'coordinate': [1636, 801]}, '36': {'rememberedCode': 'F82', 'isValidCode': True, 'coordinate': [299, 124]}, '37': {'rememberedCode': 'T91', 'isValidCode': False, 'coordinate': False}, '38': {'rememberedCode': 'T91', 'isValidCode': False, 'coordinate': False}, '39': {'rememberedCode': 'T91', 'isValidCode': False, 'coordinate': False}}",612,321
9,"['A', 'B', 'A', 'B', 'C', 'B', 'B', 'B', 'A', 'A', 'C', 'B', 'C', 'B', 'A', 'A', 'B', 'A', 'B', 'B', 'A', 'A', 'B', 'A', 'A', 'B', 'B', 'B', 'C', 'A', 'A', 'B', 'C', 'B', 'A', 'B', 'A', 'B', 'A', 'B', 'C', 'A', 'A', 'C', 'A', 'A', 'B', 'C', 'A', 'A', 'A', 'B', 'C', 'B', 'A', 'A', 'B', 'A', 'B', 'A', 'A', 'B', 'A', 'A', 'B', 'B', 'A', 'A', 'C', 'B', 'B', 'C', 'B', 'A', 'B', 'A', 'B', 'B', 'C', 'B', 'B', 'C', 'C', 'B', 'B', 'A', 'A', 'A', 'B', 'A', 'B', 'C', 'C', 'C', 'C', 'B', 'B', 'B', 'A', 'B']","['2', '2', '1', '1', '2', '2', '2', '2', '2', '1', '1', '2', '2', '2', '1', '2', '1', '1', '1', '1', '1', '2', '2', '1', '1', '1', '1', '1', '1', '1', '2', '1', '2', '2', '2', '2', '2', '1', '1', '1', '1']","{'openTime': '2021-08-21T13:08:08.523Z', 'loadTime': '2021-08-21T13:08:09.294Z', 'startTime': '2021-08-21T13:08:10.553Z', 'endTime': '2021-08-21T13:25:03.184Z', 'timeToCompleteFromOpenMsec': 1014661, 'timeToLoadMsec': 771, 'timeToCompleteFromStartMsec': 1012631}","{'gender': 'male', 'ageGroup': 'ageGroup18', 'ethnicity': 'Asian', 'education': 'fourYearDegree', 'vizExperience': 'someExposure', 'feedback': ''}","{'0': {'rememberedCode': 'A23', 'isValidCode': True, 'coordinate': [699, 291]}, '1': {'rememberedCode': 'V58', 'isValidCode': True, 'coordinate': [612, 645]}, '2': {'rememberedCode': 'V58', 'isValidCode': False, 'coordinate': False}, '3': {'rememberedCode': 'V58', 'isValidCode': True, 'coordinate': [612, 645]}, '4': {'rememberedCode': 'A21', 'isValidCode': False, 'coordinate': False}, '5': {'rememberedCode': 'J65', 'isValidCode': True, 'coordinate': [962, 456]}, '6': {'rememberedCode': 'J65', 'isValidCode': False, 'coordinate': False}, '7': {'rememberedCode': 'J65', 'isValidCode': True, 'coordinate': [962, 456]}, '8': {'rememberedCode': 'N86', 'isValidCode': True, 'coordinate': [677, 459]}, '9': {'rememberedCode': 'Z85', 'isValidCode': True, 'coordinate': [1118, 833]}, '10': {'rememberedCode': 'Z85', 'isValidCode': False, 'coordinate': False}, '11': {'rememberedCode': 'Z85', 'isValidCode': True, 'coordinate': [1118, 833]}, '12': {'rememberedCode': 'S43', 'isValidCode': True, 'coordinate': [59, 620]}, '13': {'rememberedCode': 'T12', 'isValidCode': True, 'coordinate': [648, 1028]}, '14': {'rememberedCode': 'T12', 'isValidCode': False, 'coordinate': False}, '15': {'rememberedCode': 'T12', 'isValidCode': True, 'coordinate': [648, 1028]}, '16': {'rememberedCode': 'E94', 'isValidCode': True, 'coordinate': [786, 297]}, '17': {'rememberedCode': 'D57', 'isValidCode': True, 'coordinate': [974, 420]}, '18': {'rememberedCode': 'D57', 'isValidCode': False, 'coordinate': False}, '19': {'rememberedCode': 'D57', 'isValidCode': True, 'coordinate': [974, 420]}, '20': {'rememberedCode': 'P86', 'isValidCode': True, 'coordinate': [540, 857]}, '21': {'rememberedCode': 'K31', 'isValidCode': True, 'coordinate': [194, 450]}, '22': {'rememberedCode': 'K31', 'isValidCode': False, 'coordinate': False}, '23': {'rememberedCode': 'K31', 'isValidCode': True, 'coordinate': [194, 450]}, '24': {'rememberedCode': 'H39', 'isValidCode': True, 'coordinate': [391, 893]}, '25': {'rememberedCode': 'K24', 'isValidCode': True, 'coordinate': [785, 931]}, '26': {'rememberedCode': 'K24', 'isValidCode': False, 'coordinate': False}, '27': {'rememberedCode': 'K24', 'isValidCode': True, 'coordinate': [785, 931]}, '28': {'rememberedCode': 'P38', 'isValidCode': True, 'coordinate': [353, 431]}, '29': {'rememberedCode': 'W86', 'isValidCode': True, 'coordinate': [319, 521]}, '30': {'rememberedCode': 'W86', 'isValidCode': False, 'coordinate': False}, '31': {'rememberedCode': 'W86', 'isValidCode': True, 'coordinate': [319, 521]}, '32': {'rememberedCode': 'W12', 'isValidCode': True, 'coordinate': [801, 333]}, '33': {'rememberedCode': 'F64', 'isValidCode': True, 'coordinate': [388, 331]}, '34': {'rememberedCode': 'F64', 'isValidCode': False, 'coordinate': False}, '35': {'rememberedCode': 'F64', 'isValidCode': True, 'coordinate': [388, 331]}, '36': {'rememberedCode': 'H45', 'isValidCode': True, 'coordinate': [667, 347]}, '37': {'rememberedCode': 'T12', 'isValidCode': True, 'coordinate': [679, 439]}, '38': {'rememberedCode': 'T12', 'isValidCode': False, 'coordinate': False}, '39': {'rememberedCode': 'T12', 'isValidCode': True, 'coordinate': [679, 439]}}",241,461
10,"['A', 'C', 'A', 'A', 'D', 'B', 'B', 'A', 'A', 'A', 'C', 'C', 'C', 'C', 'A', 'A', 'C', 'C', 'A', 'C', 'C', 'A', 'B', 'A', 'A', 'B', 'C', 'B', 'D', 'A', 'C', 'B', 'C', 'A', 'A', 'B', 'C', 'B', 'B', 'A', 'C', 'A', 'A', 'C', 'C', 'A', 'D', 'D', 'A', 'A', 'A', 'B', 'C', 'C', 'B', 'A', 'A', 'B', 'B', 'B', 'A', 'B', 'D', 'A', 'B', 'B', 'A', 'A', 'D', 'D', 'C', 'A', 'B', 'D', 'B', 'A', 'B', 'B', 'C', 'D', 'B', 'B', 'C', 'A', 'C', 'A', 'B', 'C', 'A', 'D', 'B', 'C', 'C', 'C', 'C', 'D', 'C', 'B', 'B', 'C']","['2', '2', '1', '2', '2', '2', '2', '2', '2', '1', '2', '2', '1', '1', '1', '2', '1', '1', '1', '1', '1', '1', '2', '1', '2', '1', '1', '1', '1', '1', '2', '2', '2', '2', '2', '2', '1', '1', '1', '1', '1']","{'openTime': '2021-08-21T14:32:29.024Z', 'loadTime': '2021-08-21T14:32:42.281Z', 'startTime': '2021-08-21T14:32:57.780Z', 'endTime': '2021-08-21T14:56:39.714Z', 'timeToCompleteFromOpenMsec': 1450690, 'timeToLoadMsec': 13257, 'timeToCompleteFromStartMsec': 1421934}","{'gender': 'male', 'ageGroup': 'ageGroup35', 'ethnicity': 'White_Caucasian', 'education': 'fourYearDegree', 'vizExperience': 'frequentInteraction', 'feedback': ''}","{'0': {'rememberedCode': 'G95', 'isValidCode': True, 'coordinate': [1166, 201]}, '1': {'rememberedCode': 'N57', 'isValidCode': True, 'coordinate': [616, 344]}, '2': {'rememberedCode': 'N57', 'isValidCode': False, 'coordinate': False}, '3': {'rememberedCode': 'N57', 'isValidCode': True, 'coordinate': [616, 344]}, '4': {'rememberedCode': 'J56', 'isValidCode': True, 'coordinate': [697, 128]}, '5': {'rememberedCode': 'N21', 'isValidCode': False, 'coordinate': False}, '6': {'rememberedCode': 'N21', 'isValidCode': False, 'coordinate': False}, '7': {'rememberedCode': 'N21', 'isValidCode': False, 'coordinate': False}, '8': {'rememberedCode': 'K19', 'isValidCode': True, 'coordinate': [1126, 225]}, '9': {'rememberedCode': 'H17', 'isValidCode': True, 'coordinate': [780, 723]}, '10': {'rememberedCode': 'H17', 'isValidCode': False, 'coordinate': False}, '11': {'rememberedCode': 'H17', 'isValidCode': True, 'coordinate': [780, 723]}, '12': {'rememberedCode': 'V29', 'isValidCode': True, 'coordinate': [59, 816]}, '13': {'rememberedCode': 'S59', 'isValidCode': True, 'coordinate': [1110, 791]}, '14': {'rememberedCode': 'S59', 'isValidCode': False, 'coordinate': False}, '15': {'rememberedCode': 'S59', 'isValidCode': True, 'coordinate': [1110, 791]}, '16': {'rememberedCode': 'T97', 'isValidCode': True, 'coordinate': [787, 697]}, '17': {'rememberedCode': 'J26', 'isValidCode': True, 'coordinate': [843, 324]}, '18': {'rememberedCode': 'J26', 'isValidCode': True, 'coordinate': [326, 693]}, '19': {'rememberedCode': 'J26', 'isValidCode': True, 'coordinate': [843, 324]}, '20': {'rememberedCode': 'F86', 'isValidCode': True, 'coordinate': [877, 369]}, '21': {'rememberedCode': 'U92', 'isValidCode': True, 'coordinate': [489, 213]}, '22': {'rememberedCode': 'U92', 'isValidCode': False, 'coordinate': False}, '23': {'rememberedCode': 'U92', 'isValidCode': True, 'coordinate': [489, 213]}, '24': {'rememberedCode': 'S61', 'isValidCode': False, 'coordinate': False}, '25': {'rememberedCode': 'E84', 'isValidCode': True, 'coordinate': [780, 531]}, '26': {'rememberedCode': 'E84', 'isValidCode': False, 'coordinate': False}, '27': {'rememberedCode': 'E84', 'isValidCode': True, 'coordinate': [780, 531]}, '28': {'rememberedCode': 'B26', 'isValidCode': True, 'coordinate': [533, 530]}, '29': {'rememberedCode': 'F46', 'isValidCode': True, 'coordinate': [757, 525]}, '30': {'rememberedCode': 'F46', 'isValidCode': False, 'coordinate': False}, '31': {'rememberedCode': 'F46', 'isValidCode': True, 'coordinate': [757, 525]}, '32': {'rememberedCode': 'S58', 'isValidCode': False, 'coordinate': False}, '33': {'rememberedCode': 'W88', 'isValidCode': False, 'coordinate': False}, '34': {'rememberedCode': 'W88', 'isValidCode': False, 'coordinate': False}, '35': {'rememberedCode': 'W88', 'isValidCode': False, 'coordinate': False}, '36': {'rememberedCode': 'G54', 'isValidCode': True, 'coordinate': [1528, 607]}, '37': {'rememberedCode': 'E82', 'isValidCode': True, 'coordinate': [727, 744]}, '38': {'rememberedCode': 'E82', 'isValidCode': False, 'coordinate': False}, '39': {'rememberedCode': 'E82', 'isValidCode': True, 'coordinate': [727, 744]}}",554,549
11,"['A', 'C', 'C', 'A', 'C', 'B', 'B', 'A', 'A', 'A', 'C', 'C', 'C', 'D', 'C', 'A', 'C', 'D', 'A', 'C', 'A', 'A', 'C', 'D', 'D', 'B', 'C', 'B', 'B', 'C', 'C', 'C', 'C', 'B', 'A', 'B', 'B', 'B', 'B', 'A', 'C', 'A', 'A', 'C', 'C', 'A', 'C', 'A', 'D', 'A', 'A', 'A', 'C', 'C', 'C', 'A', 'B', 'B', 'B', 'B', 'A', 'B', 'B', 'B', 'D', 'B', 'B', 'D', 'D', 'D', 'C', 'C', 'B', 'B', 'A', 'A', 'A', 'B', 'C', 'A', 'B', 'B', 'B', 'B', 'B', 'A', 'A', 'A', 'C', 'B', 'B', 'C', 'C', 'C', 'C', 'C', 'C', 'B', 'A', 'C']","['2', '2', '1', '1', '2', '2', '1', '2', '2', '1', '2', '2', '1', '1', '1', '2', '1', '1', '1', '1', '1', '1', '2', '1', '2', '1', '1', '1', '1', '1', '2', '2', '2', '2', '2', '2', '2', '1', '1', '1', '1']","{'openTime': '2021-08-21T21:49:21.835Z', 'loadTime': '2021-08-21T21:49:40.479Z', 'startTime': '2021-08-21T21:49:41.896Z', 'endTime': '2021-08-21T22:08:37.146Z', 'timeToCompleteFromOpenMsec': 1155311, 'timeToLoadMsec': 18644, 'timeToCompleteFromStartMsec': 1135250}","{'gender': 'female', 'ageGroup': 'ageGroup35', 'ethnicity': 'White_Caucasian', 'education': 'twoYearDegree', 'vizExperience': 'someExposure', 'feedback': ''}","{'0': {'rememberedCode': 'R89', 'isValidCode': True, 'coordinate': [810, 689]}, '1': {'rememberedCode': 'M52', 'isValidCode': True, 'coordinate': [508, 449]}, '2': {'rememberedCode': 'M52', 'isValidCode': False, 'coordinate': False}, '3': {'rememberedCode': 'M52', 'isValidCode': True, 'coordinate': [508, 449]}, '4': {'rememberedCode': 'J68', 'isValidCode': False, 'coordinate': False}, '5': {'rememberedCode': 'M83', 'isValidCode': False, 'coordinate': False}, '6': {'rememberedCode': 'M83', 'isValidCode': False, 'coordinate': False}, '7': {'rememberedCode': 'M83', 'isValidCode': False, 'coordinate': False}, '8': {'rememberedCode': 'N48', 'isValidCode': True, 'coordinate': [1556, 1128]}, '9': {'rememberedCode': 'Z67', 'isValidCode': True, 'coordinate': [982, 1032]}, '10': {'rememberedCode': 'Z67', 'isValidCode': False, 'coordinate': False}, '11': {'rememberedCode': 'Z67', 'isValidCode': True, 'coordinate': [982, 1032]}, '12': {'rememberedCode': 'Z97', 'isValidCode': True, 'coordinate': [225, 626]}, '13': {'rememberedCode': 'G69', 'isValidCode': True, 'coordinate': [631, 706]}, '14': {'rememberedCode': 'G69', 'isValidCode': True, 'coordinate': [1582, 726]}, '15': {'rememberedCode': 'G69', 'isValidCode': True, 'coordinate': [631, 706]}, '16': {'rememberedCode': 'J37', 'isValidCode': False, 'coordinate': False}, '17': {'rememberedCode': 'K39', 'isValidCode': True, 'coordinate': [801, 142]}, '18': {'rememberedCode': 'K39', 'isValidCode': True, 'coordinate': [1273, 1115]}, '19': {'rememberedCode': 'K39', 'isValidCode': True, 'coordinate': [801, 142]}, '20': {'rememberedCode': 'Q26', 'isValidCode': True, 'coordinate': [674, 430]}, '21': {'rememberedCode': 'V11', 'isValidCode': False, 'coordinate': False}, '22': {'rememberedCode': 'V11', 'isValidCode': False, 'coordinate': False}, '23': {'rememberedCode': 'V11', 'isValidCode': False, 'coordinate': False}, '24': {'rememberedCode': 'M37', 'isValidCode': True, 'coordinate': [359, 217]}, '25': {'rememberedCode': 'F78', 'isValidCode': True, 'coordinate': [149, 451]}, '26': {'rememberedCode': 'F78', 'isValidCode': False, 'coordinate': False}, '27': {'rememberedCode': 'F78', 'isValidCode': True, 'coordinate': [149, 451]}, '28': {'rememberedCode': 'E24', 'isValidCode': True, 'coordinate': [667, 1038]}, '29': {'rememberedCode': 'R14', 'isValidCode': True, 'coordinate': [492, 235]}, '30': {'rememberedCode': 'R14', 'isValidCode': False, 'coordinate': False}, '31': {'rememberedCode': 'R14', 'isValidCode': True, 'coordinate': [492, 235]}, '32': {'rememberedCode': 'X45', 'isValidCode': True, 'coordinate': [1287, 331]}, '33': {'rememberedCode': 'Y53', 'isValidCode': True, 'coordinate': [879, 840]}, '34': {'rememberedCode': 'Y53', 'isValidCode': False, 'coordinate': False}, '35': {'rememberedCode': 'Y53', 'isValidCode': True, 'coordinate': [879, 840]}, '36': {'rememberedCode': 'Y61', 'isValidCode': True, 'coordinate': [501, 1222]}, '37': {'rememberedCode': 'Y69', 'isValidCode': False, 'coordinate': False}, '38': {'rememberedCode': 'Y69', 'isValidCode': False, 'coordinate': False}, '39': {'rememberedCode': 'Y69', 'isValidCode': False, 'coordinate': False}}",775,837
12,"['A', 'C', 'C', 'D', 'B', 'B', 'B', 'A', 'A', 'A', 'C', 'C', 'D', 'D', 'D', 'A', 'D', 'D', 'A', 'C', 'A', 'A', 'B', 'D', 'D', 'B', 'A', 'B', 'A', 'A', 'C', 'D', 'C', 'D', 'A', 'B', 'A', 'A', 'C', 'D', 'C', 'B', 'A', 'C', 'C', 'A', 'B', 'D', 'D', 'A', 'A', 'C', 'C', 'C', 'D', 'A', 'B', 'B', 'B', 'B', 'A', 'C', 'A', 'A', 'D', 'B', 'D', 'A', 'C', 'D', 'C', 'B', 'B', 'D', 'B', 'A', 'A', 'B', 'C', 'D', 'B', 'D', 'D', 'D', 'D', 'A', 'D', 'C', 'A', 'B', 'B', 'D', 'C', 'C', 'C', 'C', 'C', 'B', 'B', 'D']","['2', '2', '1', '2', '2', '2', '2', '2', '2', '1', '2', '2', '1', '1', '1', '2', '2', '1', '1', '1', '1', '1', '2', '1', '2', '1', '1', '1', '1', '1', '2', '2', '2', '2', '2', '2', '2', '1', '1', '1', '1']","{'openTime': '2021-08-21T22:05:21.918Z', 'loadTime': '2021-08-21T22:05:48.484Z', 'startTime': '2021-08-21T22:05:52.792Z', 'endTime': '2021-08-21T22:28:31.647Z', 'timeToCompleteFromOpenMsec': 1389729, 'timeToLoadMsec': 26566, 'timeToCompleteFromStartMsec': 1358855}","{'gender': 'female', 'ageGroup': 'ageGroup55', 'ethnicity': 'White_Caucasian', 'education': 'fourYearDegree', 'vizExperience': 'frequentInteraction', 'feedback': ''}","{'0': {'rememberedCode': 'A23', 'isValidCode': True, 'coordinate': [699, 291]}, '1': {'rememberedCode': 'D28', 'isValidCode': True, 'coordinate': [327, 642]}, '2': {'rememberedCode': 'D28', 'isValidCode': False, 'coordinate': False}, '3': {'rememberedCode': 'D28', 'isValidCode': True, 'coordinate': [327, 642]}, '4': {'rememberedCode': 'V47', 'isValidCode': True, 'coordinate': [1274, 530]}, '5': {'rememberedCode': 'E53', 'isValidCode': True, 'coordinate': [870, 559]}, '6': {'rememberedCode': 'E53', 'isValidCode': False, 'coordinate': False}, '7': {'rememberedCode': 'E53', 'isValidCode': True, 'coordinate': [870, 559]}, '8': {'rememberedCode': 'J59', 'isValidCode': True, 'coordinate': [174, 144]}, '9': {'rememberedCode': 'T27', 'isValidCode': True, 'coordinate': [1087, 718]}, '10': {'rememberedCode': 'T27', 'isValidCode': True, 'coordinate': [376, 639]}, '11': {'rememberedCode': 'T27', 'isValidCode': True, 'coordinate': [1087, 718]}, '12': {'rememberedCode': 'E41', 'isValidCode': True, 'coordinate': [202, 1122]}, '13': {'rememberedCode': 'M13', 'isValidCode': True, 'coordinate': [961, 612]}, '14': {'rememberedCode': 'M13', 'isValidCode': False, 'coordinate': False}, '15': {'rememberedCode': 'M13', 'isValidCode': True, 'coordinate': [961, 612]}, '16': {'rememberedCode': 'F63', 'isValidCode': True, 'coordinate': [468, 207]}, '17': {'rememberedCode': 'N13', 'isValidCode': True, 'coordinate': [838, 248]}, '18': {'rememberedCode': 'N13', 'isValidCode': False, 'coordinate': False}, '19': {'rememberedCode': 'N13', 'isValidCode': True, 'coordinate': [838, 248]}, '20': {'rememberedCode': 'A71', 'isValidCode': True, 'coordinate': [1463, 445]}, '21': {'rememberedCode': 'Q84', 'isValidCode': True, 'coordinate': [1005, 846]}, '22': {'rememberedCode': 'Q84', 'isValidCode': False, 'coordinate': False}, '23': {'rememberedCode': 'Q84', 'isValidCode': True, 'coordinate': [1005, 846]}, '24': {'rememberedCode': 'S75', 'isValidCode': True, 'coordinate': [505, 410]}, '25': {'rememberedCode': 'Y87', 'isValidCode': True, 'coordinate': [500, 666]}, '26': {'rememberedCode': 'Y87', 'isValidCode': False, 'coordinate': False}, '27': {'rememberedCode': 'Y87', 'isValidCode': True, 'coordinate': [500, 666]}, '28': {'rememberedCode': 'R63', 'isValidCode': True, 'coordinate': [341, 957]}, '29': {'rememberedCode': 'X53', 'isValidCode': True, 'coordinate': [607, 518]}, '30': {'rememberedCode': 'X53', 'isValidCode': False, 'coordinate': False}, '31': {'rememberedCode': 'X53', 'isValidCode': True, 'coordinate': [607, 518]}, '32': {'rememberedCode': 'X73', 'isValidCode': True, 'coordinate': [649, 314]}, '33': {'rememberedCode': 'B19', 'isValidCode': True, 'coordinate': [1474, 912]}, '34': {'rememberedCode': 'B19', 'isValidCode': False, 'coordinate': False}, '35': {'rememberedCode': 'B19', 'isValidCode': True, 'coordinate': [1474, 912]}, '36': {'rememberedCode': 'N63', 'isValidCode': False, 'coordinate': False}, '37': {'rememberedCode': 'F72', 'isValidCode': True, 'coordinate': [534, 251]}, '38': {'rememberedCode': 'F72', 'isValidCode': False, 'coordinate': False}, '39': {'rememberedCode': 'F72', 'isValidCode': True, 'coordinate': [534, 251]}}",325,794
13,"['A', 'A', 'C', 'B', 'B', 'B', 'B', 'A', 'A', 'A', 'C', 'C', 'A', 'B', 'A', 'A', 'A', 'A', 'B', 'C', 'A', 'A', 'C', 'B', 'A', 'B', 'A', 'B', 'A', 'A', 'C', 'B', 'C', 'B', 'B', 'B', 'A', 'A', 'B', 'A', 'C', 'B', 'A', 'C', 'C', 'A', 'B', 'C', 'A', 'A', 'A', 'C', 'C', 'B', 'C', 'A', 'B', 'B', 'B', 'B', 'A', 'C', 'B', 'A', 'A', 'B', 'A', 'B', 'B', 'D', 'C', 'A', 'B', 'C', 'B', 'A', 'B', 'B', 'C', 'B', 'B', 'A', 'C', 'A', 'C', 'A', 'D', 'C', 'C', 'D', 'B', 'C', 'C', 'C', 'C', 'C', 'C', 'B', 'D', 'C']","['2', '2', '1', '2', '2', '2', '2', '2', '2', '1', '1', '2', '1', '1', '1', '2', '2', '1', '1', '1', '1', '1', '2', '1', '2', '1', '1', '1', '1', '1', '2', '2', '2', '2', '2', '2', '2', '1', '1', '1', '1']","{'openTime': '2021-08-21T23:56:32.370Z', 'loadTime': '2021-08-21T23:56:52.227Z', 'startTime': '2021-08-21T23:58:00.872Z', 'endTime': '2021-08-22T00:18:01.531Z', 'timeToCompleteFromOpenMsec': 1289161, 'timeToLoadMsec': 19857, 'timeToCompleteFromStartMsec': 1200659}","{'gender': 'female', 'ageGroup': 'ageGroup25', 'ethnicity': 'White_Caucasian', 'education': 'fourYearDegree', 'vizExperience': 'someExposure', 'feedback': 'Best wishes. Everything was great.'}","{'0': {'rememberedCode': 'F91', 'isValidCode': True, 'coordinate': [688, 394]}, '1': {'rememberedCode': 'D28', 'isValidCode': True, 'coordinate': [327, 642]}, '2': {'rememberedCode': 'D28', 'isValidCode': False, 'coordinate': False}, '3': {'rememberedCode': 'D28', 'isValidCode': True, 'coordinate': [327, 642]}, '4': {'rememberedCode': 'C61', 'isValidCode': True, 'coordinate': [801, 633]}, '5': {'rememberedCode': 'Y84', 'isValidCode': True, 'coordinate': [199, 431]}, '6': {'rememberedCode': 'Y84', 'isValidCode': False, 'coordinate': False}, '7': {'rememberedCode': 'Y84', 'isValidCode': True, 'coordinate': [199, 431]}, '8': {'rememberedCode': 'A46', 'isValidCode': True, 'coordinate': [1441, 547]}, '9': {'rememberedCode': 'W24', 'isValidCode': False, 'coordinate': False}, '10': {'rememberedCode': 'W24', 'isValidCode': False, 'coordinate': False}, '11': {'rememberedCode': 'W24', 'isValidCode': False, 'coordinate': False}, '12': {'rememberedCode': 'X24', 'isValidCode': True, 'coordinate': [355, 943]}, '13': {'rememberedCode': 'C56', 'isValidCode': True, 'coordinate': [921, 826]}, '14': {'rememberedCode': 'C56', 'isValidCode': False, 'coordinate': False}, '15': {'rememberedCode': 'C56', 'isValidCode': True, 'coordinate': [921, 826]}, '16': {'rememberedCode': 'D84', 'isValidCode': True, 'coordinate': [308, 618]}, '17': {'rememberedCode': 'N51', 'isValidCode': True, 'coordinate': [483, 215]}, '18': {'rememberedCode': 'N51', 'isValidCode': False, 'coordinate': False}, '19': {'rememberedCode': 'N51', 'isValidCode': True, 'coordinate': [483, 215]}, '20': {'rememberedCode': 'L32', 'isValidCode': True, 'coordinate': [375, 745]}, '21': {'rememberedCode': 'L86', 'isValidCode': True, 'coordinate': [507, 718]}, '22': {'rememberedCode': 'L86', 'isValidCode': False, 'coordinate': False}, '23': {'rememberedCode': 'L86', 'isValidCode': True, 'coordinate': [507, 718]}, '24': {'rememberedCode': 'H39', 'isValidCode': True, 'coordinate': [391, 893]}, '25': {'rememberedCode': 'R89', 'isValidCode': True, 'coordinate': [141, 733]}, '26': {'rememberedCode': 'R89', 'isValidCode': False, 'coordinate': False}, '27': {'rememberedCode': 'R89', 'isValidCode': True, 'coordinate': [141, 733]}, '28': {'rememberedCode': 'D52', 'isValidCode': True, 'coordinate': [347, 655]}, '29': {'rememberedCode': 'W86', 'isValidCode': True, 'coordinate': [319, 521]}, '30': {'rememberedCode': 'W86', 'isValidCode': False, 'coordinate': False}, '31': {'rememberedCode': 'W86', 'isValidCode': True, 'coordinate': [319, 521]}, '32': {'rememberedCode': 'F67', 'isValidCode': True, 'coordinate': [217, 441]}, '33': {'rememberedCode': 'V24', 'isValidCode': True, 'coordinate': [1138, 696]}, '34': {'rememberedCode': 'V24', 'isValidCode': False, 'coordinate': False}, '35': {'rememberedCode': 'V24', 'isValidCode': True, 'coordinate': [1138, 696]}, '36': {'rememberedCode': 'V83', 'isValidCode': True, 'coordinate': [484, 831]}, '37': {'rememberedCode': 'G61', 'isValidCode': True, 'coordinate': [530, 646]}, '38': {'rememberedCode': 'G61', 'isValidCode': True, 'coordinate': [1077, 350]}, '39': {'rememberedCode': 'G61', 'isValidCode': True, 'coordinate': [530, 646]}}",857,129
14,"['A', 'B', 'C', 'B', 'A', 'B', 'A', 'B', 'C', 'A', 'B', 'A', 'B', 'A', 'B', 'A', 'B', 'C', 'B', 'A', 'B', 'A', 'C', 'A', 'B', 'A', 'C', 'B', 'A', 'B', 'A', 'B', 'C', 'B', 'A', 'B', 'A', 'B', 'A', 'B', 'A', 'C', 'B', 'A', 'B', 'A', 'B', 'C', 'B', 'C', 'A', 'B', 'C', 'B', 'A', 'B', 'C', 'B', 'C', 'B', 'A', 'B', 'A', 'B', 'C', 'A', 'B', 'A', 'B', 'A', 'B', 'C', 'B', 'A', 'C', 'A', 'B', 'A', 'B', 'C', 'A', 'C', 'B', 'A', 'B', 'C', 'B', 'A', 'B', 'C', 'A', 'B', 'C', 'B', 'A', 'B', 'C', 'B', 'A', 'B']","['2', '1', '1', '1', '1', '1', '1', '1', '2', '1', '1', '1', '1', '1', '1', '1', '1', '1', '1', '2', '1', '1', '1', '1', '1', '1', '1', '1', '1', '1', '1', '1', '1', '2', '1', '1', '1', '1', '1', '1', '1']","{'openTime': '2021-08-22T00:47:31.765Z', 'loadTime': '2021-08-22T00:47:52.797Z', 'startTime': '2021-08-22T00:47:54.511Z', 'endTime': '2021-08-22T01:12:34.792Z', 'timeToCompleteFromOpenMsec': 1503027, 'timeToLoadMsec': 21032, 'timeToCompleteFromStartMsec': 1480281}","{'gender': 'male', 'ageGroup': 'ageGroup35', 'ethnicity': 'Asian', 'education': 'fourYearDegree', 'vizExperience': 'frequentInteraction', 'feedback': 'good stuty'}","{'0': {'rememberedCode': 'T63', 'isValidCode': False, 'coordinate': False}, '1': {'rememberedCode': 'M67', 'isValidCode': False, 'coordinate': False}, '2': {'rememberedCode': 'M67', 'isValidCode': False, 'coordinate': False}, '3': {'rememberedCode': 'M67', 'isValidCode': False, 'coordinate': False}, '4': {'rememberedCode': 'K73', 'isValidCode': True, 'coordinate': [353, 823]}, '5': {'rememberedCode': 'U92', 'isValidCode': False, 'coordinate': False}, '6': {'rememberedCode': 'U92', 'isValidCode': False, 'coordinate': False}, '7': {'rememberedCode': 'U92', 'isValidCode': False, 'coordinate': False}, '8': {'rememberedCode': 'W19', 'isValidCode': False, 'coordinate': False}, '9': {'rememberedCode': 'V96', 'isValidCode': False, 'coordinate': False}, '10': {'rememberedCode': 'V96', 'isValidCode': False, 'coordinate': False}, '11': {'rememberedCode': 'V96', 'isValidCode': False, 'coordinate': False}, '12': {'rememberedCode': 'A21', 'isValidCode': False, 'coordinate': False}, '13': {'rememberedCode': 'T13', 'isValidCode': False, 'coordinate': False}, '14': {'rememberedCode': 'T13', 'isValidCode': False, 'coordinate': False}, '15': {'rememberedCode': 'T13', 'isValidCode': False, 'coordinate': False}, '16': {'rememberedCode': 'A93', 'isValidCode': True, 'coordinate': [364, 1300]}, '17': {'rememberedCode': 'K93', 'isValidCode': True, 'coordinate': [1593, 216]}, '18': {'rememberedCode': 'K93', 'isValidCode': False, 'coordinate': False}, '19': {'rememberedCode': 'K93', 'isValidCode': True, 'coordinate': [1593, 216]}, '20': {'rememberedCode': 'R68', 'isValidCode': False, 'coordinate': False}, '21': {'rememberedCode': 'B78', 'isValidCode': False, 'coordinate': False}, '22': {'rememberedCode': 'B78', 'isValidCode': False, 'coordinate': False}, '23': {'rememberedCode': 'B78', 'isValidCode': False, 'coordinate': False}, '24': {'rememberedCode': 'K76', 'isValidCode': False, 'coordinate': False}, '25': {'rememberedCode': 'U28', 'isValidCode': False, 'coordinate': False}, '26': {'rememberedCode': 'U28', 'isValidCode': False, 'coordinate': False}, '27': {'rememberedCode': 'U28', 'isValidCode': False, 'coordinate': False}, '28': {'rememberedCode': 'Z62', 'isValidCode': False, 'coordinate': False}, '29': {'rememberedCode': 'E27', 'isValidCode': False, 'coordinate': False}, '30': {'rememberedCode': 'E27', 'isValidCode': False, 'coordinate': False}, '31': {'rememberedCode': 'E27', 'isValidCode': False, 'coordinate': False}, '32': {'rememberedCode': 'A36', 'isValidCode': False, 'coordinate': False}, '33': {'rememberedCode': 'P52', 'isValidCode': False, 'coordinate': False}, '34': {'rememberedCode': 'P52', 'isValidCode': False, 'coordinate': False}, '35': {'rememberedCode': 'P52', 'isValidCode': False, 'coordinate': False}, '36': {'rememberedCode': 'N49', 'isValidCode': False, 'coordinate': False}, '37': {'rememberedCode': 'A37', 'isValidCode': False, 'coordinate': False}, '38': {'rememberedCode': 'A37', 'isValidCode': False, 'coordinate': False}, '39': {'rememberedCode': 'A37', 'isValidCode': False, 'coordinate': False}}",402,986
15,"['A', 'D', 'C', 'D', 'B', 'B', 'B', 'D', 'D', 'D', 'C', 'C', 'D', 'B', 'A', 'A', 'A', 'D', 'D', 'C', 'A', 'A', 'C', 'B', 'D', 'B', 'A', 'B', 'D', 'A', 'C', 'B', 'C', 'D', 'B', 'B', 'C', 'A', 'D', 'A', 'C', 'B', 'A', 'C', 'D', 'A', 'B', 'C', 'D', 'D', 'A', 'C', 'C', 'D', 'D', 'A', 'B', 'B', 'B', 'B', 'A', 'B', 'D', 'D', 'D', 'B', 'A', 'D', 'B', 'D', 'C', 'A', 'B', 'C', 'B', 'A', 'B', 'B', 'C', 'D', 'B', 'A', 'B', 'A', 'C', 'A', 'D', 'D', 'C', 'B', 'B', 'C', 'C', 'C', 'C', 'C', 'C', 'D', 'B', 'A']","['2', '2', '1', '2', '2', '2', '2', '2', '2', '1', '2', '2', '1', '1', '1', '2', '1', '1', '1', '1', '1', '1', '2', '1', '2', '1', '1', '1', '1', '1', '2', '2', '2', '2', '2', '2', '2', '1', '1', '1', '1']","{'openTime': '2021-08-22T02:58:42.099Z', 'loadTime': '2021-08-22T02:58:42.947Z', 'startTime': '2021-08-22T02:58:45.986Z', 'endTime': '2021-08-22T03:23:57.517Z', 'timeToCompleteFromOpenMsec': 1515418, 'timeToLoadMsec': 848, 'timeToCompleteFromStartMsec': 1511531}","{'gender': 'male', 'ageGroup': 'ageGroup45', 'ethnicity': 'Asian', 'education': 'mastersDegree', 'vizExperience': 'littleExposure', 'feedback': ''}","{'0': {'rememberedCode': 'X13', 'isValidCode': True, 'coordinate': [1024, 684]}, '1': {'rememberedCode': 'B92', 'isValidCode': True, 'coordinate': [471, 1052]}, '2': {'rememberedCode': 'B92', 'isValidCode': False, 'coordinate': False}, '3': {'rememberedCode': 'B92', 'isValidCode': True, 'coordinate': [471, 1052]}, '4': {'rememberedCode': 'J21', 'isValidCode': False, 'coordinate': False}, '5': {'rememberedCode': 'J76', 'isValidCode': True, 'coordinate': [1330, 341]}, '6': {'rememberedCode': 'J76', 'isValidCode': False, 'coordinate': False}, '7': {'rememberedCode': 'J76', 'isValidCode': True, 'coordinate': [1330, 341]}, '8': {'rememberedCode': 'Y84', 'isValidCode': True, 'coordinate': [1090, 523]}, '9': {'rememberedCode': 'P91', 'isValidCode': True, 'coordinate': [1126, 639]}, '10': {'rememberedCode': 'P91', 'isValidCode': False, 'coordinate': False}, '11': {'rememberedCode': 'P91', 'isValidCode': True, 'coordinate': [1126, 639]}, '12': {'rememberedCode': 'K14', 'isValidCode': False, 'coordinate': False}, '13': {'rememberedCode': 'Y14', 'isValidCode': True, 'coordinate': [933, 316]}, '14': {'rememberedCode': 'Y14', 'isValidCode': False, 'coordinate': False}, '15': {'rememberedCode': 'Y14', 'isValidCode': True, 'coordinate': [933, 316]}, '16': {'rememberedCode': 'Q78', 'isValidCode': True, 'coordinate': [985, 615]}, '17': {'rememberedCode': 'C53', 'isValidCode': True, 'coordinate': [640, 228]}, '18': {'rememberedCode': 'C53', 'isValidCode': False, 'coordinate': False}, '19': {'rememberedCode': 'C53', 'isValidCode': True, 'coordinate': [640, 228]}, '20': {'rememberedCode': 'Y41', 'isValidCode': True, 'coordinate': [358, 932]}, '21': {'rememberedCode': 'U92', 'isValidCode': True, 'coordinate': [489, 213]}, '22': {'rememberedCode': 'U92', 'isValidCode': False, 'coordinate': False}, '23': {'rememberedCode': 'U92', 'isValidCode': True, 'coordinate': [489, 213]}, '24': {'rememberedCode': 'G14', 'isValidCode': True, 'coordinate': [959, 1213]}, '25': {'rememberedCode': 'K24', 'isValidCode': True, 'coordinate': [785, 931]}, '26': {'rememberedCode': 'K24', 'isValidCode': False, 'coordinate': False}, '27': {'rememberedCode': 'K24', 'isValidCode': True, 'coordinate': [785, 931]}, '28': {'rememberedCode': 'T87', 'isValidCode': True, 'coordinate': [942, 647]}, '29': {'rememberedCode': 'C72', 'isValidCode': True, 'coordinate': [160, 918]}, '30': {'rememberedCode': 'C72', 'isValidCode': False, 'coordinate': False}, '31': {'rememberedCode': 'C72', 'isValidCode': True, 'coordinate': [160, 918]}, '32': {'rememberedCode': 'R29', 'isValidCode': True, 'coordinate': [1428, 325]}, '33': {'rememberedCode': 'E12', 'isValidCode': True, 'coordinate': [688, 300]}, '34': {'rememberedCode': 'E12', 'isValidCode': False, 'coordinate': False}, '35': {'rememberedCode': 'E12', 'isValidCode': True, 'coordinate': [688, 300]}, '36': {'rememberedCode': 'X98', 'isValidCode': True, 'coordinate': [793, 609]}, '37': {'rememberedCode': 'S62', 'isValidCode': True, 'coordinate': [1327, 711]}, '38': {'rememberedCode': 'S62', 'isValidCode': False, 'coordinate': False}, '39': {'rememberedCode': 'S62', 'isValidCode': True, 'coordinate': [1327, 711]}}",20,601
16,"['A', 'A', 'C', 'B', 'B', 'B', 'B', 'A', 'A', 'A', 'C', 'C', 'A', 'B', 'A', 'A', 'B', 'A', 'D', 'C', 'A', 'A', 'C', 'B', 'A', 'B', 'A', 'B', 'B', 'A', 'C', 'B', 'C', 'B', 'B', 'B', 'C', 'A', 'B', 'A', 'C', 'B', 'A', 'C', 'B', 'A', 'B', 'C', 'A', 'A', 'A', 'C', 'C', 'B', 'C', 'A', 'B', 'B', 'B', 'B', 'A', 'C', 'C', 'A', 'B', 'B', 'A', 'B', 'B', 'C', 'C', 'A', 'B', 'C', 'B', 'A', 'B', 'B', 'C', 'B', 'B', 'A', 'B', 'A', 'C', 'A', 'D', 'C', 'C', 'B', 'B', 'C', 'C', 'C', 'C', 'C', 'C', 'D', 'B', 'A']","['2', '2', '1', '2', '2', '2', '2', '2', '2', '1', '2', '2', '1', '1', '1', '2', '1', '1', '1', '1', '1', '1', '2', '1', '2', '1', '1', '1', '1', '1', '2', '2', '2', '2', '2', '2', '2', '1', '1', '1', '1']","{'openTime': '2021-08-22T03:07:35.671Z', 'loadTime': '2021-08-22T03:08:05.567Z', 'startTime': '2021-08-22T03:08:07.960Z', 'endTime': '2021-08-22T03:33:32.563Z', 'timeToCompleteFromOpenMsec': 1556892, 'timeToLoadMsec': 29896, 'timeToCompleteFromStartMsec': 1524603}","{'gender': 'female', 'ageGroup': 'ageGroup35', 'ethnicity': 'Asian', 'education': 'fourYearDegree', 'vizExperience': 'littleExposure', 'feedback': ''}","{'0': {'rememberedCode': 'V62', 'isValidCode': True, 'coordinate': [807, 511]}, '1': {'rememberedCode': 'N28', 'isValidCode': True, 'coordinate': [932, 758]}, '2': {'rememberedCode': 'N28', 'isValidCode': False, 'coordinate': False}, '3': {'rememberedCode': 'N28', 'isValidCode': True, 'coordinate': [932, 758]}, '4': {'rememberedCode': 'L92', 'isValidCode': True, 'coordinate': [333, 219]}, '5': {'rememberedCode': 'E53', 'isValidCode': True, 'coordinate': [870, 559]}, '6': {'rememberedCode': 'E53', 'isValidCode': False, 'coordinate': False}, '7': {'rememberedCode': 'E53', 'isValidCode': True, 'coordinate': [870, 559]}, '8': {'rememberedCode': 'C83', 'isValidCode': True, 'coordinate': [954, 557]}, '9': {'rememberedCode': 'N82', 'isValidCode': False, 'coordinate': False}, '10': {'rememberedCode': 'N82', 'isValidCode': False, 'coordinate': False}, '11': {'rememberedCode': 'N82', 'isValidCode': False, 'coordinate': False}, '12': {'rememberedCode': 'C35', 'isValidCode': True, 'coordinate': [369, 235]}, '13': {'rememberedCode': 'X57', 'isValidCode': True, 'coordinate': [1213, 287]}, '14': {'rememberedCode': 'X57', 'isValidCode': False, 'coordinate': False}, '15': {'rememberedCode': 'X57', 'isValidCode': True, 'coordinate': [1213, 287]}, '16': {'rememberedCode': 'T35', 'isValidCode': True, 'coordinate': [494, 810]}, '17': {'rememberedCode': 'V57', 'isValidCode': True, 'coordinate': [1278, 121]}, '18': {'rememberedCode': 'V57', 'isValidCode': False, 'coordinate': False}, '19': {'rememberedCode': 'V57', 'isValidCode': True, 'coordinate': [1278, 121]}, '20': {'rememberedCode': 'Z83', 'isValidCode': True, 'coordinate': [1005, 333]}, '21': {'rememberedCode': 'V45', 'isValidCode': True, 'coordinate': [327, 326]}, '22': {'rememberedCode': 'V45', 'isValidCode': False, 'coordinate': False}, '23': {'rememberedCode': 'V45', 'isValidCode': True, 'coordinate': [327, 326]}, '24': {'rememberedCode': 'R31', 'isValidCode': True, 'coordinate': [807, 218]}, '25': {'rememberedCode': 'B54', 'isValidCode': True, 'coordinate': [939, 542]}, '26': {'rememberedCode': 'B54', 'isValidCode': True, 'coordinate': [702, 326]}, '27': {'rememberedCode': 'B54', 'isValidCode': True, 'coordinate': [939, 542]}, '28': {'rememberedCode': 'V27', 'isValidCode': True, 'coordinate': [801, 552]}, '29': {'rememberedCode': 'N15', 'isValidCode': True, 'coordinate': [479, 427]}, '30': {'rememberedCode': 'N15', 'isValidCode': False, 'coordinate': False}, '31': {'rememberedCode': 'N15', 'isValidCode': True, 'coordinate': [479, 427]}, '32': {'rememberedCode': 'K68', 'isValidCode': True, 'coordinate': [832, 550]}, '33': {'rememberedCode': 'G27', 'isValidCode': True, 'coordinate': [711, 527]}, '34': {'rememberedCode': 'G27', 'isValidCode': False, 'coordinate': False}, '35': {'rememberedCode': 'G27', 'isValidCode': True, 'coordinate': [711, 527]}, '36': {'rememberedCode': 'V39', 'isValidCode': True, 'coordinate': [657, 1034]}, '37': {'rememberedCode': 'N72', 'isValidCode': True, 'coordinate': [391, 1052]}, '38': {'rememberedCode': 'N72', 'isValidCode': False, 'coordinate': False}, '39': {'rememberedCode': 'N72', 'isValidCode': True, 'coordinate': [391, 1052]}}",212,662
17,"['A', 'A', 'C', 'B', 'B', 'B', 'B', 'C', 'A', 'A', 'A', 'D', 'D', 'D', 'D', 'A', 'A', 'C', 'C', 'C', 'A', 'A', 'C', 'B', 'A', 'B', 'A', 'B', 'B', 'A', 'C', 'D', 'C', 'C', 'B', 'B', 'C', 'A', 'C', 'A', 'C', 'B', 'A', 'C', 'C', 'A', 'B', 'C', 'B', 'C', 'A', 'C', 'C', 'B', 'D', 'A', 'B', 'B', 'B', 'B', 'A', 'B', 'C', 'A', 'A', 'B', 'A', 'B', 'B', 'C', 'C', 'A', 'B', 'C', 'B', 'A', 'B', 'B', 'C', 'B', 'B', 'A', 'B', 'A', 'C', 'A', 'B', 'C', 'C', 'B', 'B', 'C', 'C', 'C', 'C', 'D', 'D', 'D', 'D', 'D']","['2', '2', '1', '1', '2', '2', '2', '2', '2', '1', '2', '2', '1', '1', '1', '2', '2', '1', '1', '1', '1', '1', '1', '1', '2', '1', '1', '1', '1', '1', '2', '2', '2', '2', '2', '2', '2', '1', '1', '1', '1']","{'openTime': '2021-08-22T02:42:23.989Z', 'loadTime': '2021-08-22T02:42:25.957Z', 'startTime': '2021-08-22T02:42:50.036Z', 'endTime': '2021-08-22T03:39:02.276Z', 'timeToCompleteFromOpenMsec': 3398287, 'timeToLoadMsec': 1968, 'timeToCompleteFromStartMsec': 3372240}","{'gender': 'male', 'ageGroup': 'ageGroup45', 'ethnicity': 'Asian', 'education': 'mastersDegree', 'vizExperience': 'frequentInteraction', 'feedback': ''}","{'0': {'rememberedCode': 'K18', 'isValidCode': True, 'coordinate': [1131, 716]}, '1': {'rememberedCode': 'D38', 'isValidCode': True, 'coordinate': [326, 41]}, '2': {'rememberedCode': 'D38', 'isValidCode': False, 'coordinate': False}, '3': {'rememberedCode': 'D38', 'isValidCode': True, 'coordinate': [326, 41]}, '4': {'rememberedCode': 'R12', 'isValidCode': False, 'coordinate': False}, '5': {'rememberedCode': 'H94', 'isValidCode': True, 'coordinate': [1117, 738]}, '6': {'rememberedCode': 'H94', 'isValidCode': False, 'coordinate': False}, '7': {'rememberedCode': 'H94', 'isValidCode': True, 'coordinate': [1117, 738]}, '8': {'rememberedCode': 'S38', 'isValidCode': False, 'coordinate': False}, '9': {'rememberedCode': 'T48', 'isValidCode': True, 'coordinate': [497, 229]}, '10': {'rememberedCode': 'T48', 'isValidCode': False, 'coordinate': False}, '11': {'rememberedCode': 'T48', 'isValidCode': True, 'coordinate': [497, 229]}, '12': {'rememberedCode': 'A26', 'isValidCode': True, 'coordinate': [1442, 737]}, '13': {'rememberedCode': 'U13', 'isValidCode': True, 'coordinate': [453, 311]}, '14': {'rememberedCode': 'U13', 'isValidCode': False, 'coordinate': False}, '15': {'rememberedCode': 'U13', 'isValidCode': True, 'coordinate': [453, 311]}, '16': {'rememberedCode': 'E94', 'isValidCode': True, 'coordinate': [786, 297]}, '17': {'rememberedCode': 'N51', 'isValidCode': True, 'coordinate': [483, 215]}, '18': {'rememberedCode': 'N51', 'isValidCode': False, 'coordinate': False}, '19': {'rememberedCode': 'N51', 'isValidCode': True, 'coordinate': [483, 215]}, '20': {'rememberedCode': 'U18', 'isValidCode': False, 'coordinate': False}, '21': {'rememberedCode': 'B76', 'isValidCode': True, 'coordinate': [504, 320]}, '22': {'rememberedCode': 'B76', 'isValidCode': False, 'coordinate': False}, '23': {'rememberedCode': 'B76', 'isValidCode': True, 'coordinate': [504, 320]}, '24': {'rememberedCode': 'V95', 'isValidCode': True, 'coordinate': [1435, 320]}, '25': {'rememberedCode': 'W82', 'isValidCode': True, 'coordinate': [952, 664]}, '26': {'rememberedCode': 'W82', 'isValidCode': False, 'coordinate': False}, '27': {'rememberedCode': 'W82', 'isValidCode': True, 'coordinate': [952, 664]}, '28': {'rememberedCode': 'R96', 'isValidCode': True, 'coordinate': [964, 532]}, '29': {'rememberedCode': 'U67', 'isValidCode': True, 'coordinate': [1122, 431]}, '30': {'rememberedCode': 'U67', 'isValidCode': False, 'coordinate': False}, '31': {'rememberedCode': 'U67', 'isValidCode': True, 'coordinate': [1122, 431]}, '32': {'rememberedCode': 'R76', 'isValidCode': True, 'coordinate': [1144, 634]}, '33': {'rememberedCode': 'E18', 'isValidCode': True, 'coordinate': [1280, 730]}, '34': {'rememberedCode': 'E18', 'isValidCode': False, 'coordinate': False}, '35': {'rememberedCode': 'E18', 'isValidCode': True, 'coordinate': [1280, 730]}, '36': {'rememberedCode': 'B39', 'isValidCode': False, 'coordinate': False}, '37': {'rememberedCode': 'E18', 'isValidCode': False, 'coordinate': False}, '38': {'rememberedCode': 'E18', 'isValidCode': False, 'coordinate': False}, '39': {'rememberedCode': 'E18', 'isValidCode': False, 'coordinate': False}}",931,893
18,"['A', 'A', 'C', 'C', 'B', 'B', 'B', 'A', 'A', 'A', 'C', 'C', 'D', 'B', 'A', 'A', 'A', 'A', 'D', 'C', 'A', 'A', 'C', 'B', 'D', 'B', 'A', 'B', 'B', 'A', 'C', 'B', 'C', 'B', 'B', 'B', 'D', 'A', 'C', 'A', 'C', 'B', 'A', 'C', 'C', 'A', 'B', 'C', 'D', 'C', 'A', 'C', 'C', 'B', 'C', 'A', 'B', 'B', 'B', 'B', 'C', 'C', 'C', 'A', 'D', 'B', 'A', 'B', 'B', 'B', 'C', 'B', 'B', 'C', 'B', 'A', 'B', 'B', 'C', 'B', 'B', 'A', 'B', 'A', 'C', 'A', 'B', 'C', 'C', 'B', 'B', 'C', 'C', 'C', 'C', 'C', 'C', 'A', 'B', 'C']","['2', '2', '2', '2', '2', '2', '2', '2', '2', '1', '2', '2', '1', '1', '1', '2', '1', '1', '1', '1', '1', '1', '1', '1', '2', '1', '1', '1', '1', '1', '2', '2', '2', '2', '2', '2', '2', '1', '1', '1', '1']","{'openTime': '2021-08-22T03:42:19.202Z', 'loadTime': '2021-08-22T03:42:20.931Z', 'startTime': '2021-08-22T03:42:47.339Z', 'endTime': '2021-08-22T04:12:29.622Z', 'timeToCompleteFromOpenMsec': 1810420, 'timeToLoadMsec': 1729, 'timeToCompleteFromStartMsec': 1782283}","{'gender': 'male', 'ageGroup': 'ageGroup35', 'ethnicity': 'Asian', 'education': 'fourYearDegree', 'vizExperience': 'frequentInteraction', 'feedback': 'Interesting task.'}","{'0': {'rememberedCode': 'Y92', 'isValidCode': True, 'coordinate': [846, 586]}, '1': {'rememberedCode': 'J57', 'isValidCode': True, 'coordinate': [779, 661]}, '2': {'rememberedCode': 'J57', 'isValidCode': False, 'coordinate': False}, '3': {'rememberedCode': 'J57', 'isValidCode': True, 'coordinate': [779, 661]}, '4': {'rememberedCode': 'V87', 'isValidCode': True, 'coordinate': [836, 535]}, '5': {'rememberedCode': 'E53', 'isValidCode': True, 'coordinate': [870, 559]}, '6': {'rememberedCode': 'E53', 'isValidCode': False, 'coordinate': False}, '7': {'rememberedCode': 'E53', 'isValidCode': True, 'coordinate': [870, 559]}, '8': {'rememberedCode': 'S62', 'isValidCode': True, 'coordinate': [979, 648]}, '9': {'rememberedCode': 'A25', 'isValidCode': True, 'coordinate': [936, 539]}, '10': {'rememberedCode': 'A25', 'isValidCode': False, 'coordinate': False}, '11': {'rememberedCode': 'A25', 'isValidCode': True, 'coordinate': [936, 539]}, '12': {'rememberedCode': 'R48', 'isValidCode': True, 'coordinate': [841, 633]}, '13': {'rememberedCode': 'M13', 'isValidCode': True, 'coordinate': [961, 612]}, '14': {'rememberedCode': 'M13', 'isValidCode': False, 'coordinate': False}, '15': {'rememberedCode': 'M13', 'isValidCode': True, 'coordinate': [961, 612]}, '16': {'rememberedCode': 'T97', 'isValidCode': True, 'coordinate': [787, 697]}, '17': {'rememberedCode': 'G16', 'isValidCode': True, 'coordinate': [676, 443]}, '18': {'rememberedCode': 'G16', 'isValidCode': False, 'coordinate': False}, '19': {'rememberedCode': 'G16', 'isValidCode': True, 'coordinate': [676, 443]}, '20': {'rememberedCode': 'Y63', 'isValidCode': True, 'coordinate': [825, 636]}, '21': {'rememberedCode': 'S62', 'isValidCode': True, 'coordinate': [798, 532]}, '22': {'rememberedCode': 'S62', 'isValidCode': False, 'coordinate': False}, '23': {'rememberedCode': 'S62', 'isValidCode': True, 'coordinate': [798, 532]}, '24': {'rememberedCode': 'Q82', 'isValidCode': False, 'coordinate': False}, '25': {'rememberedCode': 'P78', 'isValidCode': True, 'coordinate': [655, 551]}, '26': {'rememberedCode': 'P78', 'isValidCode': False, 'coordinate': False}, '27': {'rememberedCode': 'P78', 'isValidCode': True, 'coordinate': [655, 551]}, '28': {'rememberedCode': 'G91', 'isValidCode': True, 'coordinate': [1151, 672]}, '29': {'rememberedCode': 'Q25', 'isValidCode': True, 'coordinate': [930, 646]}, '30': {'rememberedCode': 'Q25', 'isValidCode': False, 'coordinate': False}, '31': {'rememberedCode': 'Q25', 'isValidCode': True, 'coordinate': [930, 646]}, '32': {'rememberedCode': 'P75', 'isValidCode': True, 'coordinate': [818, 623]}, '33': {'rememberedCode': 'T96', 'isValidCode': True, 'coordinate': [844, 529]}, '34': {'rememberedCode': 'T96', 'isValidCode': False, 'coordinate': False}, '35': {'rememberedCode': 'T96', 'isValidCode': True, 'coordinate': [844, 529]}, '36': {'rememberedCode': 'X68', 'isValidCode': False, 'coordinate': False}, '37': {'rememberedCode': 'Y21', 'isValidCode': True, 'coordinate': [705, 519]}, '38': {'rememberedCode': 'Y21', 'isValidCode': False, 'coordinate': False}, '39': {'rememberedCode': 'Y21', 'isValidCode': True, 'coordinate': [705, 519]}}",805,779
